id,user_id,period,total_income,total_expense,net_cashflow,tx_count,avg_expense,food_ratio,transport_ratio,entertainment_ratio,shopping_ratio,health_ratio,other_ratio,saving_rate,expense_trend,rolling_3m_avg,updated_at
5936c755-433e-4e44-8d23-9f1b889846c3,00b1e9cb-8b43-43e8-86d0-535d253fb070,2025-06-01,4280900.0,3332700.0,948200.0,34.0,104100.0,0.3161,0.1324,0.1923,0.1066,0.0747,0.178,0.22149547992244623,0.0,948200.0,2026-05-15T13:56:29.052797
aed08270-6ba4-4fba-8026-8cf219264e91,00b1e9cb-8b43-43e8-86d0-535d253fb070,2025-07-01,3860100.0,2822700.0,1037400.0,37.0,78400.0,0.4268,0.1398,0.098,0.1318,0.0746,0.129,0.26874951426128857,-510000.0,992800.0,2026-05-15T13:56:29.052797
0cfc44d1-2f8d-405f-9df8-e79da0c27201,00b1e9cb-8b43-43e8-86d0-535d253fb070,2025-08-01,3722000.0,2629500.0,1092500.0,30.0,90700.0,0.3838,0.1306,0.1017,0.1746,0.0683,0.1409,0.29352498656636217,-193200.0,1026000.0,2026-05-15T13:56:29.052797
ce3d6c7b-09fd-490e-a11d-1180202d4761,00b1e9cb-8b43-43e8-86d0-535d253fb070,2025-09-01,4677900.0,3497700.0,1180200.0,35.0,106000.0,0.3292,0.0966,0.1157,0.1681,0.1031,0.1874,0.25229269544026167,868200.0,1103400.0,2026-05-15T13:56:29.052797
102f77a2-2c6e-47a7-8d91-5869908545c1,00b1e9cb-8b43-43e8-86d0-535d253fb070,2025-10-01,3871400.0,2737600.0,1133800.0,36.0,78200.0,0.4442,0.094,0.0777,0.1564,0.1044,0.1234,0.2928656300046495,-760100.0,1135500.0,2026-05-15T13:56:29.052797
5f670582-4e48-443c-81a0-9a2f9e34fd73,00b1e9cb-8b43-43e8-86d0-535d253fb070,2025-11-01,4650400.0,3451900.0,1198500.0,35.0,104600.0,0.4644,0.1603,0.0572,0.1676,0.0828,0.0677,0.2577197660416308,714300.0,1170800.0,2026-05-15T13:56:29.052797
d212489f-8413-41a5-a094-69431f29229d,00b1e9cb-8b43-43e8-86d0-535d253fb070,2025-12-01,3678400.0,3097300.0,581100.0,32.0,99900.0,0.3755,0.1062,0.1222,0.212,0.0647,0.1194,0.15797629404088734,-354600.0,971100.0,2026-05-15T13:56:29.052797
eb42969d-9011-42a5-8cf5-69a97c4187ed,00b1e9cb-8b43-43e8-86d0-535d253fb070,2026-01-01,3807900.0,3167400.0,640500.0,32.0,102200.0,0.434,0.1759,0.0698,0.1599,0.0617,0.0988,0.16820294650594816,70100.0,806700.0,2026-05-15T13:56:29.052797
b8cfe5ad-b5a1-418d-8746-0383ceaa1b95,00b1e9cb-8b43-43e8-86d0-535d253fb070,2026-02-01,3745800.0,3079800.0,666000.0,39.0,81000.0,0.3256,0.1367,0.1508,0.1348,0.1297,0.1224,0.17779913503123498,-87600.0,629200.0,2026-05-15T13:56:29.052797
134aa375-ec70-43e9-addd-706118f2ce2a,00b1e9cb-8b43-43e8-86d0-535d253fb070,2026-03-01,3689200.0,2522200.0,1167000.0,41.0,63100.0,0.3847,0.0968,0.1068,0.1831,0.0839,0.1447,0.3163287433589938,-557600.0,824500.0,2026-05-15T13:56:29.052797
5218ee53-0b99-403f-aebb-0563fcca1107,00b1e9cb-8b43-43e8-86d0-535d253fb070,2026-04-01,3834500.0,2084400.0,1750100.0,29.0,74400.0,0.3877,0.2525,0.07,0.201,0.01,0.0788,0.4564089190246447,-437800.0,1194400.0,2026-05-15T13:56:29.052797
8c456689-3a4e-42c8-913b-91723038ed87,00b1e9cb-8b43-43e8-86d0-535d253fb070,2026-05-01,4766000.0,3326200.0,1439800.0,45.0,77400.0,0.3158,0.1547,0.0555,0.1671,0.1246,0.1823,0.30209819555182543,1241800.0,1452300.0,2026-05-15T13:56:29.052797
ef6124a2-e006-4ed0-a023-66628c97e615,02c97460-31fe-41e1-a54a-468892daad1a,2025-06-01,5323900.0,2857900.0,2466000.0,35.0,84100.0,0.4563,0.2286,0.01,0.1796,0.1156,0.01,0.4631942748736828,0.0,2466000.0,2026-05-15T13:56:29.052797
819797f3-b32b-479b-84b3-33135c99dc1b,02c97460-31fe-41e1-a54a-468892daad1a,2025-07-01,6272200.0,6638700.0,-366500.0,42.0,166000.0,0.4314,0.1561,0.01,0.1569,0.0842,0.1615,-0.05843244794489972,3780800.0,1049800.0,2026-05-15T13:56:29.052797
ae71344c-fb17-4a2d-a8ec-f859d35482c0,02c97460-31fe-41e1-a54a-468892daad1a,2025-08-01,5182900.0,4323100.0,859800.0,37.0,120100.0,0.3393,0.1275,0.2146,0.1725,0.0412,0.1049,0.16589168226282583,-2315600.0,986400.0,2026-05-15T13:56:29.052797
e316ae4f-820d-4380-878b-333797471175,02c97460-31fe-41e1-a54a-468892daad1a,2025-09-01,6711100.0,5663400.0,1047700.0,34.0,177000.0,0.3334,0.1406,0.01,0.2653,0.0949,0.1559,0.15611449687830609,1340300.0,513700.0,2026-05-15T13:56:29.052797
4eb1f386-7261-42c6-81ef-06b5e5254d93,02c97460-31fe-41e1-a54a-468892daad1a,2025-10-01,5341700.0,5028500.0,313200.0,34.0,152400.0,0.4263,0.1181,0.0836,0.1397,0.1158,0.1166,0.05863301945073666,-634900.0,740200.0,2026-05-15T13:56:29.052797
3f6cf21c-cf94-40df-a657-7a3c69a28cb7,02c97460-31fe-41e1-a54a-468892daad1a,2025-11-01,6438900.0,6477400.0,-38500.0,34.0,202400.0,0.3905,0.119,0.1063,0.177,0.054,0.1532,-0.005979282175526876,1448900.0,440800.0,2026-05-15T13:56:29.052797
184e3ccd-a5df-44b5-9e3b-b7e92e1b9765,02c97460-31fe-41e1-a54a-468892daad1a,2025-12-01,6214400.0,4335100.0,1879300.0,22.0,216800.0,0.3129,0.1813,0.0842,0.2046,0.1086,0.1086,0.3024105303810505,-2142300.0,718000.0,2026-05-15T13:56:29.052797
4f014186-354e-48f1-bbf5-0d850d7c68f8,02c97460-31fe-41e1-a54a-468892daad1a,2026-01-01,4975800.0,3935000.0,1040800.0,35.0,115700.0,0.3129,0.2224,0.0686,0.2305,0.0118,0.1538,0.209172394388842,-400100.0,960500.0,2026-05-15T13:56:29.052797
b8a6337e-27f5-42bf-86b7-d4e19d538fc0,02c97460-31fe-41e1-a54a-468892daad1a,2026-02-01,5235500.0,4377900.0,857600.0,33.0,136800.0,0.4007,0.1054,0.152,0.2039,0.0405,0.0975,0.16380479419348679,442900.0,1259200.0,2026-05-15T13:56:29.052797
5b27b065-8f02-48f6-aec0-8be203f11c63,02c97460-31fe-41e1-a54a-468892daad1a,2026-03-01,5281700.0,4113200.0,1168500.0,32.0,132700.0,0.3183,0.1652,0.3545,0.099,0.0165,0.0466,0.2212355870269042,-264700.0,1022300.0,2026-05-15T13:56:29.052797
b5e1ffe3-7840-4ed3-920e-6d502b94355b,02c97460-31fe-41e1-a54a-468892daad1a,2026-04-01,5306800.0,3703000.0,1603800.0,33.0,115700.0,0.3042,0.2793,0.1071,0.1299,0.0722,0.1074,0.3022160247229969,-410200.0,1210000.0,2026-05-15T13:56:29.052797
c23de009-780b-4cee-bd6e-2a04e111c738,02c97460-31fe-41e1-a54a-468892daad1a,2026-05-01,5185500.0,4961700.0,223800.0,31.0,165400.0,0.3748,0.1192,0.0791,0.2305,0.047,0.1493,0.043158808215215505,1258700.0,998700.0,2026-05-15T13:56:29.052797
5e02e436-8b6d-4941-b0a0-d07922b6c3ad,03b27a3a-0cda-4bc3-bb7f-8aabc13b9cb5,2025-06-01,5252500.0,3937000.0,1315500.0,33.0,127000.0,0.3933,0.1392,0.0786,0.1748,0.0974,0.1169,0.2504521656354117,0.0,1315500.0,2026-05-15T13:56:29.052797
6644329a-68fc-46a1-b492-19ecf039a20d,03b27a3a-0cda-4bc3-bb7f-8aabc13b9cb5,2025-07-01,4375800.0,3317100.0,1058700.0,29.0,118500.0,0.3912,0.1732,0.1364,0.1982,0.0752,0.0257,0.2419443301796243,-619900.0,1187100.0,2026-05-15T13:56:29.052797
466b0c0d-0ab3-40ff-a937-0d253b664009,03b27a3a-0cda-4bc3-bb7f-8aabc13b9cb5,2025-08-01,4335400.0,3392900.0,942500.0,30.0,117000.0,0.3111,0.1431,0.0695,0.1913,0.1178,0.1672,0.21739631867878395,75800.0,1105600.0,2026-05-15T13:56:29.052797
a7f8812d-6c41-4548-80e3-67723a5320b9,03b27a3a-0cda-4bc3-bb7f-8aabc13b9cb5,2025-09-01,4268300.0,3776600.0,491700.0,29.0,134900.0,0.4376,0.2259,0.0983,0.1348,0.01,0.0935,0.11519808823184874,383700.0,831000.0,2026-05-15T13:56:29.052797
5178864b-acb5-40c5-a289-15778732c4a2,03b27a3a-0cda-4bc3-bb7f-8aabc13b9cb5,2025-10-01,5624400.0,4103600.0,1520800.0,31.0,141500.0,0.3117,0.2001,0.045,0.2307,0.0946,0.1179,0.27039328639499327,327000.0,985000.0,2026-05-15T13:56:29.052797
73a7ef80-3ad5-40f5-9197-e0fa926561d1,03b27a3a-0cda-4bc3-bb7f-8aabc13b9cb5,2025-11-01,4291900.0,2692500.0,1599400.0,29.0,96200.0,0.3919,0.1515,0.0686,0.1392,0.0933,0.1556,0.3726554672755656,-1411100.0,1204000.0,2026-05-15T13:56:29.052797
f1d7fec6-f3f7-40ff-8223-152d0a22c6a5,03b27a3a-0cda-4bc3-bb7f-8aabc13b9cb5,2025-12-01,4377800.0,2781000.0,1596800.0,33.0,86900.0,0.4038,0.2057,0.0599,0.1467,0.1335,0.0504,0.36474941751564716,88500.0,1572300.0,2026-05-15T13:56:29.052797
263ebd05-b62b-4e86-a814-6f2cf1625810,03b27a3a-0cda-4bc3-bb7f-8aabc13b9cb5,2026-01-01,4477900.0,3925200.0,552700.0,40.0,100600.0,0.4856,0.2091,0.0771,0.01,0.1213,0.0969,0.12342839277339825,1144200.0,1249600.0,2026-05-15T13:56:29.052797
e6170709-4c3a-4426-bbe9-a49df3491a8c,03b27a3a-0cda-4bc3-bb7f-8aabc13b9cb5,2026-02-01,4079700.0,3599500.0,480200.0,29.0,128600.0,0.4073,0.1952,0.0857,0.0791,0.1047,0.128,0.11770473319116602,-325700.0,876600.0,2026-05-15T13:56:29.052797
1c7e296e-af6b-4d12-88bb-8707444ed477,03b27a3a-0cda-4bc3-bb7f-8aabc13b9cb5,2026-03-01,4410800.0,3310700.0,1100100.0,27.0,127300.0,0.4772,0.1286,0.1078,0.0528,0.0933,0.1402,0.24941053777092592,-288800.0,711000.0,2026-05-15T13:56:29.052797
8fd76e84-8da4-4d82-8299-c60b8e6f07e5,03b27a3a-0cda-4bc3-bb7f-8aabc13b9cb5,2026-04-01,4762100.0,2965300.0,1796800.0,33.0,95700.0,0.368,0.0643,0.1001,0.2204,0.0705,0.1767,0.3773125301862624,-345400.0,1125700.0,2026-05-15T13:56:29.052797
05f2a0bc-24c0-46f7-acf3-02f9e6332419,03b27a3a-0cda-4bc3-bb7f-8aabc13b9cb5,2026-05-01,4301800.0,3597300.0,704500.0,33.0,112400.0,0.4296,0.1431,0.0626,0.1882,0.0774,0.0991,0.1637686549816356,632000.0,1200500.0,2026-05-15T13:56:29.052797
34533d04-5953-4748-b910-74e190dd8c9c,067bf019-1907-488e-b517-d2c24b2a43ba,2025-06-01,4425500.0,2898000.0,1527500.0,35.0,85200.0,0.3711,0.1828,0.01,0.2222,0.0685,0.1455,0.34515873912552253,0.0,1527500.0,2026-05-15T13:56:29.052797
1351b0a6-3bc8-4940-aacf-8e8f5766c945,067bf019-1907-488e-b517-d2c24b2a43ba,2025-07-01,4553700.0,3029900.0,1523800.0,40.0,77700.0,0.3264,0.1995,0.0888,0.2612,0.1141,0.01,0.33462898302479305,131900.0,1525600.0,2026-05-15T13:56:29.052797
dcbf0a6a-0c34-4c3b-8223-12a89b4dcd37,067bf019-1907-488e-b517-d2c24b2a43ba,2025-08-01,4251600.0,3220900.0,1030700.0,36.0,92000.0,0.4759,0.1421,0.0552,0.1424,0.0608,0.1237,0.24242638065669395,191000.0,1360700.0,2026-05-15T13:56:29.052797
03bc8936-e5bc-47df-8e4f-10f7af7ee862,067bf019-1907-488e-b517-d2c24b2a43ba,2025-09-01,4389300.0,3125900.0,1263400.0,36.0,89300.0,0.3189,0.1401,0.0955,0.2243,0.0728,0.1484,0.28783632925523434,-95000.0,1272600.0,2026-05-15T13:56:29.052797
fb5a74c0-234c-42e9-977e-19a962cda159,067bf019-1907-488e-b517-d2c24b2a43ba,2025-10-01,4303400.0,3293700.0,1009700.0,31.0,109800.0,0.2352,0.1673,0.1284,0.1965,0.11,0.1625,0.23462843333178418,167800.0,1101300.0,2026-05-15T13:56:29.052797
1ef6347c-48bf-4578-acd1-b4fe1af8f6ff,067bf019-1907-488e-b517-d2c24b2a43ba,2025-11-01,5765800.0,3693500.0,2072300.0,34.0,115400.0,0.4327,0.109,0.0446,0.1682,0.0651,0.1805,0.3594123972388914,399800.0,1448500.0,2026-05-15T13:56:29.052797
8e3eaaef-e49a-40dd-a1df-2d3fad3e48e6,067bf019-1907-488e-b517-d2c24b2a43ba,2025-12-01,4405800.0,3084500.0,1321300.0,43.0,73400.0,0.2645,0.1858,0.1263,0.2429,0.1054,0.0751,0.29990013164465024,-609000.0,1467800.0,2026-05-15T13:56:29.052797
a8c312d3-4c21-4dd6-a7a4-628d41f450e7,067bf019-1907-488e-b517-d2c24b2a43ba,2026-01-01,5073100.0,3445100.0,1628000.0,37.0,98400.0,0.328,0.1405,0.0947,0.1954,0.1109,0.1304,0.3209083203563896,360600.0,1673900.0,2026-05-15T13:56:29.052797
898bc12e-c7d0-45d2-ac4a-f1e53ddadf24,067bf019-1907-488e-b517-d2c24b2a43ba,2026-02-01,4621600.0,3427300.0,1194300.0,35.0,100800.0,0.4837,0.0889,0.0855,0.2143,0.1176,0.01,0.258416998442098,-17800.0,1381200.0,2026-05-15T13:56:29.052797
aa9934ff-6490-47c7-b956-4c200d71bbf6,067bf019-1907-488e-b517-d2c24b2a43ba,2026-03-01,5663300.0,4589400.0,1073900.0,31.0,158300.0,0.5175,0.1214,0.0241,0.1534,0.092,0.0915,0.18962442392244805,1162100.0,1298700.0,2026-05-15T13:56:29.052797
1a05d554-28c2-45ec-8a7f-b72aecb95601,067bf019-1907-488e-b517-d2c24b2a43ba,2026-04-01,5402900.0,3294600.0,2108300.0,25.0,143200.0,0.3749,0.1393,0.0497,0.2867,0.0749,0.0746,0.39021636528530973,-1294800.0,1458800.0,2026-05-15T13:56:29.052797
95c570bd-b1f8-4ce7-a1cf-dc4cc11272cb,067bf019-1907-488e-b517-d2c24b2a43ba,2026-05-01,5426200.0,4144000.0,1282200.0,39.0,112000.0,0.3602,0.2224,0.1007,0.1614,0.0494,0.1059,0.23629796174118167,849400.0,1488100.0,2026-05-15T13:56:29.052797
3438247e-5cb4-46f1-a4d8-4f5caa8ba516,0929f055-08fe-48be-a629-085630e2307f,2025-06-01,3853200.0,2577100.0,1276100.0,34.0,78100.0,0.3733,0.193,0.0345,0.1891,0.0662,0.144,0.3311792795598464,0.0,1276100.0,2026-05-15T13:56:29.052797
90082429-e859-4e73-b177-dc47654f0a9f,0929f055-08fe-48be-a629-085630e2307f,2025-07-01,4027800.0,2874100.0,1153700.0,41.0,71900.0,0.3591,0.1283,0.0676,0.18,0.1021,0.163,0.28643428174189384,297000.0,1214900.0,2026-05-15T13:56:29.052797
39af093c-999a-4c39-8ca1-10c292c01c65,0929f055-08fe-48be-a629-085630e2307f,2025-08-01,4653000.0,4636100.0,16900.0,30.0,165600.0,0.4751,0.1347,0.0559,0.197,0.0353,0.102,0.003632065334192994,1762000.0,815600.0,2026-05-15T13:56:29.052797
6334fa5f-eeed-4c14-b14e-1c3385e074b6,0929f055-08fe-48be-a629-085630e2307f,2025-09-01,3832500.0,2890800.0,941700.0,30.0,99700.0,0.3329,0.2287,0.1257,0.153,0.0661,0.0936,0.24571428571428572,-1745300.0,704100.0,2026-05-15T13:56:29.052797
46475d1e-eba6-4dca-9cc2-abb4818396a4,0929f055-08fe-48be-a629-085630e2307f,2025-10-01,5156000.0,4275600.0,880400.0,38.0,118800.0,0.4019,0.1286,0.033,0.2278,0.0691,0.1396,0.17075252133436772,1384800.0,613000.0,2026-05-15T13:56:29.052797
46c3f746-d3e2-4146-b60b-2986be773ad6,0929f055-08fe-48be-a629-085630e2307f,2025-11-01,5104900.0,4040000.0,1064900.0,35.0,122400.0,0.5554,0.1225,0.0505,0.1354,0.0203,0.1159,0.2086034985993849,-235600.0,962300.0,2026-05-15T13:56:29.052797
024f2a1f-ff5c-4a1e-ba54-a66a4cd89713,0929f055-08fe-48be-a629-085630e2307f,2025-12-01,4070100.0,3098300.0,971800.0,35.0,91100.0,0.4557,0.0727,0.0661,0.1772,0.0927,0.1356,0.23876563229404682,-941700.0,972400.0,2026-05-15T13:56:29.052797
437375d8-2e15-4a2a-9f93-a53a5ac58d21,0929f055-08fe-48be-a629-085630e2307f,2026-01-01,3853500.0,3599900.0,253600.0,47.0,78300.0,0.4814,0.1148,0.0677,0.1638,0.073,0.0993,0.06581030232256391,501600.0,763400.0,2026-05-15T13:56:29.052797
42913f3a-31c6-4eeb-8a6e-5cb6a242cada,0929f055-08fe-48be-a629-085630e2307f,2026-02-01,4009100.0,3121000.0,888100.0,28.0,115600.0,0.3636,0.172,0.0405,0.2136,0.0337,0.1766,0.22152103963483075,-478900.0,704500.0,2026-05-15T13:56:29.052797
4ea2e3f9-54ac-48c9-b808-29e5bb1f808b,0929f055-08fe-48be-a629-085630e2307f,2026-03-01,3909700.0,3131900.0,777800.0,34.0,94900.0,0.3291,0.1771,0.0642,0.2323,0.0847,0.1125,0.19894109522469755,10900.0,639800.0,2026-05-15T13:56:29.052797
93461a93-12b8-442d-a6c9-1d931f112798,0929f055-08fe-48be-a629-085630e2307f,2026-04-01,3954400.0,2511400.0,1443000.0,32.0,81000.0,0.4899,0.1496,0.0689,0.1824,0.01,0.0992,0.3649099737001821,-620500.0,1036300.0,2026-05-15T13:56:29.052797
235cc646-e8e8-4dd8-b946-fa83efb60d96,0929f055-08fe-48be-a629-085630e2307f,2026-05-01,3879600.0,2766300.0,1113300.0,33.0,86400.0,0.3807,0.1099,0.0225,0.2236,0.113,0.1503,0.2869625734611816,254900.0,1111400.0,2026-05-15T13:56:29.052797
3787c88f-996d-4da4-8754-c42b6529a250,0e2632b7-49cc-4006-890f-4ddd48120194,2025-06-01,6826600.0,5286500.0,1540100.0,43.0,125900.0,0.4058,0.148,0.01,0.237,0.0758,0.1234,0.22560278908973722,0.0,1540100.0,2026-05-15T13:56:29.052797
5aae2ab8-edcd-4e4b-a935-ce84f68c7f69,0e2632b7-49cc-4006-890f-4ddd48120194,2025-07-01,6718600.0,5405800.0,1312800.0,37.0,150200.0,0.5004,0.0728,0.081,0.0899,0.1192,0.1368,0.19539785074271426,119300.0,1426400.0,2026-05-15T13:56:29.052797
70ed87fc-3654-4594-96f6-3cb6a2d577bd,0e2632b7-49cc-4006-890f-4ddd48120194,2025-08-01,6555500.0,3975900.0,2579600.0,33.0,124200.0,0.4113,0.171,0.069,0.1947,0.01,0.1441,0.39350163984440545,-1429900.0,1810800.0,2026-05-15T13:56:29.052797
103db0e7-c75b-4cde-99e6-3914211513bc,0e2632b7-49cc-4006-890f-4ddd48120194,2025-09-01,6711100.0,5569900.0,1141200.0,42.0,135900.0,0.3849,0.1087,0.054,0.2195,0.0533,0.1796,0.17004663915006482,1594000.0,1677900.0,2026-05-15T13:56:29.052797
e2610c17-cf54-490a-a224-3abd34f1640f,0e2632b7-49cc-4006-890f-4ddd48120194,2025-10-01,6469300.0,5178000.0,1291300.0,35.0,152300.0,0.4122,0.0787,0.101,0.2217,0.0359,0.1505,0.1996042848530753,-391900.0,1670700.0,2026-05-15T13:56:29.052797
844579f8-0f47-4108-8c7c-19bd287622f4,0e2632b7-49cc-4006-890f-4ddd48120194,2025-11-01,7978500.0,6524800.0,1453700.0,34.0,203900.0,0.2876,0.1812,0.2969,0.1026,0.0317,0.1,0.18220216832737984,1346800.0,1295400.0,2026-05-15T13:56:29.052797
929a69b6-280f-4555-bf75-5c380ce20952,0e2632b7-49cc-4006-890f-4ddd48120194,2025-12-01,6744500.0,5226000.0,1518500.0,25.0,217800.0,0.2655,0.1101,0.1021,0.0442,0.0371,0.441,0.22514641559789458,-1298800.0,1421200.0,2026-05-15T13:56:29.052797
53341451-6615-4ce4-aa22-62400b6a5892,0e2632b7-49cc-4006-890f-4ddd48120194,2026-01-01,8120600.0,5773600.0,2347000.0,36.0,169800.0,0.3722,0.1206,0.1395,0.2119,0.0664,0.0893,0.28901805285323745,547600.0,1773100.0,2026-05-15T13:56:29.052797
0451b867-3f36-4e3f-b656-7b3313ebcf85,0e2632b7-49cc-4006-890f-4ddd48120194,2026-02-01,6841500.0,4462700.0,2378800.0,32.0,144000.0,0.3893,0.1346,0.0497,0.3136,0.0669,0.0459,0.34770152744281224,-1310900.0,2081400.0,2026-05-15T13:56:29.052797
92886ddd-c3cc-4b7b-a914-c0a730102002,0e2632b7-49cc-4006-890f-4ddd48120194,2026-03-01,7074900.0,5063200.0,2011700.0,34.0,153400.0,0.5279,0.1482,0.1059,0.1579,0.0502,0.01,0.284343241600588,600500.0,2245800.0,2026-05-15T13:56:29.052797
1f6bd60c-26d0-4edb-a620-e9f247c98518,0e2632b7-49cc-4006-890f-4ddd48120194,2026-04-01,6882400.0,5293800.0,1588600.0,30.0,182500.0,0.412,0.27,0.0295,0.1975,0.0364,0.0546,0.2308206439614088,230600.0,1993000.0,2026-05-15T13:56:29.052797
f3047360-5902-4a01-84f0-b36f3fa26e3d,0e2632b7-49cc-4006-890f-4ddd48120194,2026-05-01,6451100.0,4563100.0,1888000.0,38.0,123300.0,0.3602,0.0673,0.1884,0.218,0.1101,0.056,0.292663266729705,-730700.0,1829400.0,2026-05-15T13:56:29.052797
bd893395-772d-4d8a-9f93-06484bffd59f,140c7f72-77e3-43d4-bbde-4f153e628dee,2025-06-01,3443800.0,3462700.0,-18900.0,38.0,96200.0,0.3726,0.1295,0.0583,0.1682,0.0915,0.1799,-0.005488123584412567,0.0,-18900.0,2026-05-15T13:56:29.052797
1aca66d8-1f5a-47cd-9f52-ae7e9e2c9fc0,140c7f72-77e3-43d4-bbde-4f153e628dee,2025-07-01,2918000.0,2002500.0,915500.0,27.0,77000.0,0.4606,0.1585,0.0643,0.155,0.045,0.1167,0.31374228923920494,-1460200.0,448300.0,2026-05-15T13:56:29.052797
d4a139a5-7fb6-4e40-8b6f-94c24de379ac,140c7f72-77e3-43d4-bbde-4f153e628dee,2025-08-01,2852100.0,3089700.0,-237600.0,37.0,85800.0,0.3925,0.1763,0.1129,0.1577,0.0296,0.131,-0.08330703692016408,1087200.0,219700.0,2026-05-15T13:56:29.052797
69656b2d-2fdf-48d1-9311-f85bfcbf6ac8,140c7f72-77e3-43d4-bbde-4f153e628dee,2025-09-01,2918600.0,1928800.0,989800.0,38.0,52100.0,0.4202,0.1743,0.01,0.1555,0.0555,0.1845,0.3391352018090866,-1160900.0,555900.0,2026-05-15T13:56:29.052797
cdf792ff-93b6-483e-8e5d-8272b4c9c782,140c7f72-77e3-43d4-bbde-4f153e628dee,2025-10-01,2992900.0,2097600.0,895300.0,27.0,80700.0,0.2859,0.2941,0.0669,0.1457,0.0735,0.1339,0.2991413010792208,168800.0,549200.0,2026-05-15T13:56:29.052797
519b14c2-acf3-497f-bfc8-a613f63a97f6,140c7f72-77e3-43d4-bbde-4f153e628dee,2025-11-01,2920500.0,2626300.0,294200.0,35.0,77200.0,0.4001,0.1449,0.1323,0.1154,0.0947,0.1126,0.1007361753124465,528700.0,726400.0,2026-05-15T13:56:29.052797
51ef3b29-579a-4678-b981-ac7604cd085e,140c7f72-77e3-43d4-bbde-4f153e628dee,2025-12-01,2895700.0,2086200.0,809500.0,40.0,53500.0,0.3611,0.1923,0.1046,0.1731,0.1103,0.0586,0.27955243982456746,-540100.0,666300.0,2026-05-15T13:56:29.052797
96f14a74-7f2b-440c-96d8-555f703af1d4,140c7f72-77e3-43d4-bbde-4f153e628dee,2026-01-01,2929800.0,2227200.0,702600.0,31.0,74200.0,0.4212,0.0418,0.0581,0.279,0.0644,0.1355,0.2398115912348966,141000.0,602100.0,2026-05-15T13:56:29.052797
55735b22-4be8-4a6c-bd62-f5029745026e,140c7f72-77e3-43d4-bbde-4f153e628dee,2026-02-01,3417400.0,1891600.0,1525800.0,41.0,48500.0,0.4411,0.1146,0.0505,0.123,0.1168,0.154,0.44647977994966936,-335600.0,1012600.0,2026-05-15T13:56:29.052797
bda23365-128a-4466-bb3d-c3954c4ecf8e,140c7f72-77e3-43d4-bbde-4f153e628dee,2026-03-01,3122500.0,1700600.0,1421900.0,43.0,41500.0,0.443,0.1813,0.01,0.2099,0.0207,0.1352,0.4553722978382706,-191000.0,1216800.0,2026-05-15T13:56:29.052797
9c823dc5-c48a-4688-a3bb-438526002a4c,140c7f72-77e3-43d4-bbde-4f153e628dee,2026-04-01,2894700.0,2176700.0,718000.0,28.0,80600.0,0.4428,0.212,0.0654,0.0896,0.0781,0.1121,0.24803952050298822,476100.0,1221900.0,2026-05-15T13:56:29.052797
cfb2bccd-e80d-4e5d-9eb2-9a39f5d3fbe1,140c7f72-77e3-43d4-bbde-4f153e628dee,2026-05-01,2848200.0,2019400.0,828800.0,28.0,74800.0,0.4073,0.1427,0.01,0.2488,0.0811,0.11,0.29099080120778037,-157300.0,989600.0,2026-05-15T13:56:29.052797
1d4cfa75-668a-42f9-a040-3bb1ca1130e2,14c9585c-a11a-432a-932c-49a032ee3a50,2025-06-01,3461800.0,2537200.0,924600.0,39.0,66800.0,0.4465,0.1383,0.0463,0.2374,0.01,0.1215,0.2670864867987752,0.0,924600.0,2026-05-15T13:56:29.052797
d82ea743-4332-43b9-8af6-faad664b00fd,14c9585c-a11a-432a-932c-49a032ee3a50,2025-07-01,3439300.0,2549500.0,889800.0,42.0,62200.0,0.4535,0.1627,0.01,0.2359,0.01,0.128,0.2587154362806385,12300.0,907200.0,2026-05-15T13:56:29.052797
c37f7a64-f248-4368-8969-4b3b5ff575ef,14c9585c-a11a-432a-932c-49a032ee3a50,2025-08-01,3588300.0,3108600.0,479700.0,32.0,100300.0,0.4621,0.1835,0.01,0.2064,0.031,0.107,0.13368447454226234,559100.0,764700.0,2026-05-15T13:56:29.052797
a6aba68e-106e-4525-8678-c1b341b236c8,14c9585c-a11a-432a-932c-49a032ee3a50,2025-09-01,3597000.0,3006900.0,590100.0,36.0,85900.0,0.4115,0.1857,0.0706,0.1485,0.0748,0.1088,0.1640533778148457,-101700.0,653200.0,2026-05-15T13:56:29.052797
e413dbd9-2586-4893-9806-04550df3c455,14c9585c-a11a-432a-932c-49a032ee3a50,2025-10-01,4289900.0,3178900.0,1111000.0,35.0,96300.0,0.3827,0.1238,0.0287,0.2021,0.0683,0.1945,0.25898039581342225,172000.0,726900.0,2026-05-15T13:56:29.052797
165b4e82-525e-4267-9dac-29499dc3769f,14c9585c-a11a-432a-932c-49a032ee3a50,2025-11-01,3349200.0,2276200.0,1073000.0,32.0,73400.0,0.4251,0.0544,0.0748,0.2189,0.0724,0.1545,0.3203750149289383,-902700.0,924700.0,2026-05-15T13:56:29.052797
53526d47-6273-4e4e-9531-ef8329a72599,14c9585c-a11a-432a-932c-49a032ee3a50,2025-12-01,3454600.0,2945100.0,509500.0,34.0,89200.0,0.448,0.1237,0.01,0.2493,0.073,0.096,0.14748451340241997,668900.0,897800.0,2026-05-15T13:56:29.052797
092499d4-944d-4163-8931-ab78fe5c636f,14c9585c-a11a-432a-932c-49a032ee3a50,2026-01-01,3453200.0,2790200.0,663000.0,35.0,82100.0,0.3913,0.1748,0.1124,0.1723,0.022,0.1272,0.1919958299548245,-154900.0,748500.0,2026-05-15T13:56:29.052797
1592062c-dc95-4c62-a7c5-352324ed37b5,14c9585c-a11a-432a-932c-49a032ee3a50,2026-02-01,3524100.0,2529600.0,994500.0,27.0,97300.0,0.4085,0.1231,0.1101,0.2084,0.0366,0.1133,0.2821997105643994,-260600.0,722300.0,2026-05-15T13:56:29.052797
a2d16741-a8ac-47dd-a8a8-a2c2289915d7,14c9585c-a11a-432a-932c-49a032ee3a50,2026-03-01,3592100.0,2473000.0,1119100.0,27.0,95100.0,0.2942,0.2095,0.01,0.271,0.0633,0.152,0.3115447788201888,-56600.0,925500.0,2026-05-15T13:56:29.052797
573156fa-bbeb-43f9-bc5b-c52370715f53,14c9585c-a11a-432a-932c-49a032ee3a50,2026-04-01,3463300.0,2270200.0,1193100.0,37.0,63100.0,0.384,0.1491,0.0203,0.2311,0.0777,0.1379,0.3444980221176335,-202800.0,1102200.0,2026-05-15T13:56:29.052797
7370e8bc-4555-46fe-987e-e2e6997eaf3c,14c9585c-a11a-432a-932c-49a032ee3a50,2026-05-01,3300600.0,2946700.0,353900.0,39.0,77500.0,0.4575,0.1032,0.0863,0.1543,0.1,0.0986,0.10722292916439435,676500.0,888700.0,2026-05-15T13:56:29.052797
e777724b-300d-4479-8299-5c52e8afe806,16f188bd-46ef-4337-8840-d0cbb1222f55,2025-06-01,3737700.0,1983200.0,1754500.0,33.0,62000.0,0.3726,0.2069,0.059,0.2163,0.0212,0.124,0.4694063193942799,0.0,1754500.0,2026-05-15T13:56:29.052797
71c5f1d2-f3f1-473f-98d3-c62c7ca22962,16f188bd-46ef-4337-8840-d0cbb1222f55,2025-07-01,4461300.0,3461200.0,1000100.0,35.0,104900.0,0.3837,0.2108,0.0608,0.1657,0.0524,0.1266,0.22417232645193105,1478000.0,1377300.0,2026-05-15T13:56:29.052797
6dd6ff46-3e3a-4aab-8368-92f497a21150,16f188bd-46ef-4337-8840-d0cbb1222f55,2025-08-01,4036700.0,3082600.0,954100.0,32.0,102800.0,0.4598,0.1103,0.062,0.2261,0.01,0.1318,0.2363564297569797,-378600.0,1236200.0,2026-05-15T13:56:29.052797
83e893e2-7652-4cf5-81a6-ffca9856770d,16f188bd-46ef-4337-8840-d0cbb1222f55,2025-09-01,4085700.0,3307700.0,778000.0,42.0,82700.0,0.4333,0.1543,0.1032,0.1103,0.0765,0.1225,0.19042024622463716,225100.0,910700.0,2026-05-15T13:56:29.052797
357e9a4e-b24f-4316-b552-639b5ed1bed8,16f188bd-46ef-4337-8840-d0cbb1222f55,2025-10-01,3520400.0,2412500.0,1107900.0,29.0,86200.0,0.3823,0.1932,0.0663,0.2105,0.0831,0.0645,0.3147085558459266,-895200.0,946700.0,2026-05-15T13:56:29.052797
2e597731-29f8-43f5-a68b-57612e7fe945,16f188bd-46ef-4337-8840-d0cbb1222f55,2025-11-01,3814100.0,3276200.0,537900.0,38.0,91000.0,0.4008,0.2254,0.07,0.0808,0.0536,0.1694,0.14102933850711832,863700.0,807900.0,2026-05-15T13:56:29.052797
8f5898b4-b6f6-431a-8ec2-a1fda3ddd4e0,16f188bd-46ef-4337-8840-d0cbb1222f55,2025-12-01,3595700.0,3218600.0,377100.0,42.0,78500.0,0.3789,0.1692,0.1244,0.1716,0.146,0.01,0.104875267680841,-57600.0,674300.0,2026-05-15T13:56:29.052797
a47c27c8-3d6e-4041-bef6-2aa99fa8c138,16f188bd-46ef-4337-8840-d0cbb1222f55,2026-01-01,3689900.0,3920300.0,-230400.0,35.0,115300.0,0.4325,0.1339,0.0719,0.221,0.0539,0.0869,-0.06244071655058403,701700.0,228200.0,2026-05-15T13:56:29.052797
5ea8a499-857a-4ea3-964f-e15949078e7b,16f188bd-46ef-4337-8840-d0cbb1222f55,2026-02-01,3818700.0,3176600.0,642100.0,46.0,72200.0,0.4147,0.1959,0.0844,0.1529,0.0863,0.0659,0.16814622777384974,-743700.0,262900.0,2026-05-15T13:56:29.052797
7774335a-9d7e-4a5c-9494-2b373cd80103,16f188bd-46ef-4337-8840-d0cbb1222f55,2026-03-01,3519000.0,3288500.0,230500.0,30.0,113400.0,0.3907,0.0867,0.0555,0.1779,0.1106,0.1787,0.06550156294401818,111900.0,214100.0,2026-05-15T13:56:29.052797
2708111a-e47f-420a-bc82-e7fc2688808c,16f188bd-46ef-4337-8840-d0cbb1222f55,2026-04-01,4414200.0,4051700.0,362500.0,39.0,109500.0,0.4501,0.1155,0.0918,0.1244,0.0957,0.1224,0.08212133568936614,763200.0,411700.0,2026-05-15T13:56:29.052797
0be35d7e-c67b-4567-a9db-b9cb1ed4354d,16f188bd-46ef-4337-8840-d0cbb1222f55,2026-05-01,3484600.0,2823100.0,661500.0,29.0,100800.0,0.4057,0.1477,0.0627,0.1805,0.1013,0.102,0.18983527521092808,-1228600.0,418200.0,2026-05-15T13:56:29.052797
49583602-e4c4-4d58-904b-2682c4dc46e7,199aca62-766c-4bec-b260-93d02b553870,2025-06-01,5811400.0,4769700.0,1041700.0,35.0,144500.0,0.4532,0.0969,0.0947,0.1906,0.01,0.1546,0.17925112709502014,0.0,1041700.0,2026-05-15T13:56:29.052797
650c1723-103f-4eef-87c1-a9956179d6e5,199aca62-766c-4bec-b260-93d02b553870,2025-07-01,5448000.0,3907000.0,1541000.0,38.0,108500.0,0.419,0.1636,0.0928,0.2005,0.0885,0.0357,0.282856093979442,-862700.0,1291400.0,2026-05-15T13:56:29.052797
3088fde4-e80a-4d76-83ae-fc200b8f57c9,199aca62-766c-4bec-b260-93d02b553870,2025-08-01,4611700.0,4146100.0,465600.0,31.0,138200.0,0.4421,0.1182,0.0471,0.2225,0.0293,0.1408,0.10096060021250298,239100.0,1016100.0,2026-05-15T13:56:29.052797
5dd3dc81-4c64-4c90-a0c2-860448ce89ce,199aca62-766c-4bec-b260-93d02b553870,2025-09-01,4400900.0,2773700.0,1627200.0,36.0,79200.0,0.4513,0.1667,0.091,0.1347,0.0304,0.1259,0.36974255265968325,-1372400.0,1211300.0,2026-05-15T13:56:29.052797
e5b96d32-d7e4-4c49-bc00-1d416c15bc64,199aca62-766c-4bec-b260-93d02b553870,2025-10-01,4580600.0,3090000.0,1490600.0,38.0,83500.0,0.3711,0.1818,0.0566,0.1576,0.0729,0.16,0.3254158843819587,316300.0,1194500.0,2026-05-15T13:56:29.052797
c017a8fc-ae5f-420d-a4fd-77f1ae8b43b2,199aca62-766c-4bec-b260-93d02b553870,2025-11-01,4477000.0,3587600.0,889400.0,37.0,99700.0,0.3561,0.1631,0.0724,0.1745,0.0975,0.1364,0.19865981684163503,497600.0,1335700.0,2026-05-15T13:56:29.052797
6e1048f4-86b8-4f6e-9677-cd49ab1801ca,199aca62-766c-4bec-b260-93d02b553870,2025-12-01,4586900.0,3893900.0,693000.0,32.0,125600.0,0.3479,0.1595,0.2426,0.1335,0.0619,0.0546,0.1510824303996163,306300.0,1024300.0,2026-05-15T13:56:29.052797
28cb13b9-0706-41ef-a135-299880a92256,199aca62-766c-4bec-b260-93d02b553870,2026-01-01,4653500.0,4230200.0,423300.0,33.0,132200.0,0.4041,0.0478,0.0964,0.1778,0.074,0.1999,0.09096379069517567,336300.0,668600.0,2026-05-15T13:56:29.052797
ca35d1d0-a71d-468a-b6c3-c5ccd76cfac8,199aca62-766c-4bec-b260-93d02b553870,2026-02-01,5131000.0,2404800.0,2726200.0,28.0,92500.0,0.3727,0.0946,0.0748,0.3395,0.0277,0.0908,0.531319430910154,-1825400.0,1280800.0,2026-05-15T13:56:29.052797
0cea2199-d09a-419a-853e-3f495c51041f,199aca62-766c-4bec-b260-93d02b553870,2026-03-01,4589200.0,2578800.0,2010400.0,23.0,117200.0,0.3938,0.1551,0.1339,0.0995,0.1416,0.076,0.438071995118975,174000.0,1720000.0,2026-05-15T13:56:29.052797
b3253696-e38c-4c14-83b9-521a69400213,199aca62-766c-4bec-b260-93d02b553870,2026-04-01,4722000.0,3210900.0,1511100.0,34.0,97300.0,0.3602,0.0941,0.1138,0.2324,0.1277,0.0718,0.32001270648030494,632100.0,2082600.0,2026-05-15T13:56:29.052797
1d9c925e-5fe4-4c3a-93a4-11790737fa65,199aca62-766c-4bec-b260-93d02b553870,2026-05-01,4283800.0,3058200.0,1225600.0,33.0,95600.0,0.4266,0.1275,0.0756,0.1993,0.0688,0.1023,0.28610112516924224,-152700.0,1582400.0,2026-05-15T13:56:29.052797
2e9c373c-3f24-455f-a5b6-65f1670d003f,1e01b9cc-fb65-42b6-bf19-1753830009d7,2025-06-01,5246300.0,4317500.0,928800.0,39.0,113600.0,0.4035,0.1251,0.0896,0.2287,0.0346,0.1184,0.17703905609667767,0.0,928800.0,2026-05-15T13:56:29.052797
efba0067-651e-40a4-9621-9e22cdcacfcb,1e01b9cc-fb65-42b6-bf19-1753830009d7,2025-07-01,5284800.0,4765800.0,519000.0,41.0,119100.0,0.432,0.1707,0.0999,0.0277,0.1309,0.1388,0.09820617620345141,448300.0,723900.0,2026-05-15T13:56:29.052797
9d44b394-816d-4d47-8587-95b926afa7c0,1e01b9cc-fb65-42b6-bf19-1753830009d7,2025-08-01,5292300.0,4241800.0,1050500.0,37.0,117800.0,0.2985,0.1068,0.0644,0.2012,0.1501,0.1789,0.19849592804640703,-524000.0,832800.0,2026-05-15T13:56:29.052797
e9e1c18d-7814-434f-962f-147bd8e9ea0a,1e01b9cc-fb65-42b6-bf19-1753830009d7,2025-09-01,5028900.0,4370000.0,658900.0,38.0,118100.0,0.4305,0.087,0.0355,0.2506,0.0547,0.1417,0.13102268885839846,128200.0,742800.0,2026-05-15T13:56:29.052797
096ab6c6-bc5c-4a79-8dbb-8f0161301ad8,1e01b9cc-fb65-42b6-bf19-1753830009d7,2025-10-01,5745000.0,5015700.0,729300.0,29.0,185800.0,0.4787,0.1099,0.1014,0.0959,0.0381,0.1759,0.12694516971279374,645700.0,812900.0,2026-05-15T13:56:29.052797
0f49e467-53d1-4f40-b5ab-2ebf2d2487e1,1e01b9cc-fb65-42b6-bf19-1753830009d7,2025-11-01,5273300.0,5154500.0,118800.0,42.0,125700.0,0.2707,0.1087,0.0914,0.152,0.2961,0.0811,0.022528587412056968,138800.0,502300.0,2026-05-15T13:56:29.052797
4e877805-dcf2-44bb-a81e-0a524a136370,1e01b9cc-fb65-42b6-bf19-1753830009d7,2025-12-01,5232000.0,4080200.0,1151800.0,39.0,107400.0,0.3707,0.148,0.0747,0.0859,0.1972,0.1235,0.22014525993883793,-1074300.0,666600.0,2026-05-15T13:56:29.052797
31004584-a304-4a34-8a6f-7ac0185dd93b,1e01b9cc-fb65-42b6-bf19-1753830009d7,2026-01-01,5034100.0,3266700.0,1767400.0,35.0,96100.0,0.4629,0.0879,0.0876,0.1433,0.0644,0.1539,0.35108559623368624,-813500.0,1012700.0,2026-05-15T13:56:29.052797
1e439695-98d3-47ba-bc74-354aae6deef6,1e01b9cc-fb65-42b6-bf19-1753830009d7,2026-02-01,4887600.0,4061200.0,826400.0,34.0,123100.0,0.4137,0.1555,0.0425,0.1836,0.0516,0.1532,0.16908093952041903,794500.0,1248500.0,2026-05-15T13:56:29.052797
917b5da4-3802-45d4-99e5-39c62c4ef6bc,1e01b9cc-fb65-42b6-bf19-1753830009d7,2026-03-01,5034500.0,4064000.0,970500.0,38.0,109800.0,0.412,0.2288,0.14,0.0744,0.072,0.0728,0.19276988777435694,2800.0,1188100.0,2026-05-15T13:56:29.052797
207b388d-ea50-4464-99f6-0ca7375e0910,1e01b9cc-fb65-42b6-bf19-1753830009d7,2026-04-01,5152200.0,5506000.0,-353800.0,36.0,157300.0,0.4085,0.1668,0.0557,0.2412,0.0204,0.1074,-0.06866969449943713,1442000.0,481000.0,2026-05-15T13:56:29.052797
7693117c-9969-4603-8e4c-dcf36df7881d,1e01b9cc-fb65-42b6-bf19-1753830009d7,2026-05-01,4902000.0,3677800.0,1224200.0,34.0,111400.0,0.5064,0.1397,0.034,0.1818,0.0241,0.114,0.24973480212158303,-1828200.0,613600.0,2026-05-15T13:56:29.052797
e55a8edf-0bb7-448c-87d3-e7582f7b0c81,238ec16a-4142-478e-8872-89bc6723bd10,2025-06-01,4660500.0,3963800.0,696700.0,36.0,113300.0,0.2756,0.2037,0.0797,0.1937,0.0627,0.1845,0.14949039802596287,0.0,696700.0,2026-05-15T13:56:29.052797
92125ff4-7437-4e16-8404-b09521ff4dd7,238ec16a-4142-478e-8872-89bc6723bd10,2025-07-01,4471700.0,3276900.0,1194800.0,29.0,117000.0,0.3615,0.1178,0.1113,0.1926,0.0854,0.1313,0.2671914484424268,-686900.0,945800.0,2026-05-15T13:56:29.052797
058cf6dd-d3ad-4e15-86b4-c9c5ff1ba223,238ec16a-4142-478e-8872-89bc6723bd10,2025-08-01,4335400.0,3557500.0,777900.0,26.0,142300.0,0.4955,0.1501,0.0371,0.2225,0.0567,0.0381,0.1794298103981178,280600.0,889800.0,2026-05-15T13:56:29.052797
8c1ce7a9-3348-4147-992a-98ab7c63f03e,238ec16a-4142-478e-8872-89bc6723bd10,2025-09-01,4554600.0,2484500.0,2070100.0,39.0,65400.0,0.4873,0.162,0.1106,0.1859,0.0361,0.0182,0.45450753084793394,-1073000.0,1347600.0,2026-05-15T13:56:29.052797
c6c6f1ee-db38-4e7c-a3e1-4572b238de28,238ec16a-4142-478e-8872-89bc6723bd10,2025-10-01,4344300.0,3840400.0,503900.0,29.0,137200.0,0.378,0.1478,0.0865,0.1029,0.0801,0.2046,0.11599106875676174,1355900.0,1117300.0,2026-05-15T13:56:29.052797
4ee22d64-f29b-4651-9d6a-8add397338f4,238ec16a-4142-478e-8872-89bc6723bd10,2025-11-01,4597300.0,2991500.0,1605800.0,44.0,69600.0,0.4659,0.1471,0.01,0.1174,0.1352,0.1245,0.349291975724882,-848900.0,1393300.0,2026-05-15T13:56:29.052797
07464282-6707-4274-8764-4de993e303ea,238ec16a-4142-478e-8872-89bc6723bd10,2025-12-01,5681700.0,4704500.0,977200.0,24.0,213800.0,0.3823,0.1675,0.0189,0.2459,0.0822,0.1032,0.1719907774081701,1713000.0,1029000.0,2026-05-15T13:56:29.052797
f76da31b-0104-4648-b215-d132551a5706,238ec16a-4142-478e-8872-89bc6723bd10,2026-01-01,4509900.0,3011000.0,1498900.0,35.0,88600.0,0.4636,0.1062,0.0921,0.1835,0.0357,0.1189,0.33235770194461073,-1693500.0,1360600.0,2026-05-15T13:56:29.052797
37a95acd-fb51-4b88-8b7e-2722324245cd,238ec16a-4142-478e-8872-89bc6723bd10,2026-02-01,4833000.0,3425400.0,1407600.0,34.0,107000.0,0.3614,0.1361,0.0692,0.3502,0.01,0.073,0.29124767225325887,414400.0,1294600.0,2026-05-15T13:56:29.052797
49e3b577-cb71-4aca-842e-b2614635d331,238ec16a-4142-478e-8872-89bc6723bd10,2026-03-01,5303400.0,5557400.0,-254000.0,41.0,142500.0,0.2533,0.1336,0.1844,0.2031,0.067,0.1585,-0.047893803974808614,2132000.0,884200.0,2026-05-15T13:56:29.052797
b19a4eea-7efb-4e65-9e56-231a1d85032e,238ec16a-4142-478e-8872-89bc6723bd10,2026-04-01,4359200.0,4066200.0,293000.0,22.0,193600.0,0.2574,0.2073,0.0704,0.1842,0.0847,0.1961,0.06721416773719949,-1491200.0,482200.0,2026-05-15T13:56:29.052797
aa18cd84-c4fd-4152-b460-f2d0dd07a10a,238ec16a-4142-478e-8872-89bc6723bd10,2026-05-01,4460700.0,3395500.0,1065200.0,32.0,109500.0,0.4089,0.1083,0.0626,0.2623,0.01,0.1479,0.2387966014302688,-670700.0,368100.0,2026-05-15T13:56:29.052797
1da654fa-6817-4495-909e-b37609415acc,28bbc773-7ffa-474c-9b22-94c4e1617a9e,2025-06-01,3930000.0,3247800.0,682200.0,35.0,95500.0,0.2503,0.121,0.1213,0.1259,0.0696,0.3119,0.173587786259542,0.0,682200.0,2026-05-15T13:56:29.052797
06777c8f-4856-4bbc-992e-8ef2e2a301e1,28bbc773-7ffa-474c-9b22-94c4e1617a9e,2025-07-01,3820100.0,2662500.0,1157600.0,30.0,91800.0,0.3338,0.2364,0.0973,0.0922,0.0732,0.1671,0.3030287165257454,-585300.0,919900.0,2026-05-15T13:56:29.052797
20a29769-25b6-4637-af9c-2f7c0c167bf0,28bbc773-7ffa-474c-9b22-94c4e1617a9e,2025-08-01,3799600.0,3689900.0,109700.0,31.0,123000.0,0.2812,0.1692,0.0572,0.224,0.0607,0.2077,0.02887146015370039,1027400.0,649800.0,2026-05-15T13:56:29.052797
f5092efc-fc7e-4f93-a4cf-cc769610a79c,28bbc773-7ffa-474c-9b22-94c4e1617a9e,2025-09-01,3737700.0,1981500.0,1756200.0,38.0,53600.0,0.4689,0.1748,0.0814,0.1554,0.0326,0.087,0.4698611445541376,-1708400.0,1007800.0,2026-05-15T13:56:29.052797
5ff35d35-1069-4072-8ddc-35f9a182ac61,28bbc773-7ffa-474c-9b22-94c4e1617a9e,2025-10-01,4948100.0,3635500.0,1312600.0,39.0,98300.0,0.3389,0.2175,0.094,0.1268,0.0854,0.1373,0.26527353933833187,1654000.0,1059500.0,2026-05-15T13:56:29.052797
01a262df-eea7-4bef-9427-79efb406f616,28bbc773-7ffa-474c-9b22-94c4e1617a9e,2025-11-01,4369000.0,2648600.0,1720400.0,39.0,71600.0,0.3782,0.1443,0.0685,0.1951,0.0752,0.1386,0.39377431906614785,-986900.0,1596400.0,2026-05-15T13:56:29.052797
788689c8-0c0c-42cf-8e80-6f360c7dfbdf,28bbc773-7ffa-474c-9b22-94c4e1617a9e,2025-12-01,3738300.0,2952400.0,785900.0,34.0,89500.0,0.4254,0.1045,0.102,0.0659,0.1967,0.1055,0.2102292485889308,303800.0,1273000.0,2026-05-15T13:56:29.052797
d94c83c8-2226-426d-8fc3-4e46099bfa04,28bbc773-7ffa-474c-9b22-94c4e1617a9e,2026-01-01,3671800.0,3061100.0,610700.0,39.0,80600.0,0.4283,0.2038,0.01,0.1837,0.0186,0.1556,0.16632169508143146,108700.0,1039000.0,2026-05-15T13:56:29.052797
a9cb8044-111a-4f06-b6df-aa2b94272d8b,28bbc773-7ffa-474c-9b22-94c4e1617a9e,2026-02-01,3691100.0,2648700.0,1042400.0,29.0,94600.0,0.3929,0.1478,0.0822,0.2417,0.0678,0.0675,0.28240903795616484,-412400.0,813000.0,2026-05-15T13:56:29.052797
b32f1c16-b7cc-47d8-856d-1fcba1ba0d7a,28bbc773-7ffa-474c-9b22-94c4e1617a9e,2026-03-01,3840600.0,2774900.0,1065700.0,24.0,120600.0,0.4381,0.1524,0.1059,0.2063,0.0859,0.0114,0.27748268499713585,126200.0,906300.0,2026-05-15T13:56:29.052797
8ac8fadc-9c1b-47e6-a7e6-d2641c971f20,28bbc773-7ffa-474c-9b22-94c4e1617a9e,2026-04-01,3741400.0,2842100.0,899300.0,34.0,86100.0,0.4669,0.0604,0.0972,0.2416,0.0766,0.0574,0.24036456941251938,67200.0,1002500.0,2026-05-15T13:56:29.052797
ddc063bd-7907-43d7-aa81-8ef18ac4e3ad,28bbc773-7ffa-474c-9b22-94c4e1617a9e,2026-05-01,4861500.0,3943700.0,917800.0,38.0,109500.0,0.432,0.0978,0.1017,0.2171,0.0606,0.0909,0.18878946827110973,1101600.0,960900.0,2026-05-15T13:56:29.052797
118ce360-2a2b-4dca-b4d5-2c93577b82a6,28cea656-1460-44ae-8906-a05ac115a1b6,2025-06-01,4519400.0,2556700.0,1962700.0,36.0,73000.0,0.4664,0.1034,0.0767,0.2156,0.01,0.1279,0.4342833119440634,0.0,1962700.0,2026-05-15T13:56:29.052797
f91b4af0-dae8-4901-aab5-8139de6aae1a,28cea656-1460-44ae-8906-a05ac115a1b6,2025-07-01,4424900.0,2819600.0,1605300.0,33.0,88100.0,0.4901,0.2274,0.11,0.1375,0.01,0.025,0.3627878596126466,262900.0,1784000.0,2026-05-15T13:56:29.052797
b140e1b0-f72e-4733-801a-3bdd14707b70,28cea656-1460-44ae-8906-a05ac115a1b6,2025-08-01,5484400.0,4011400.0,1473000.0,29.0,148600.0,0.3496,0.1192,0.131,0.1996,0.0936,0.107,0.2685799722850266,1191800.0,1680300.0,2026-05-15T13:56:29.052797
a23be9cf-8dff-431b-a0ef-30b1aaf00be1,28cea656-1460-44ae-8906-a05ac115a1b6,2025-09-01,5800200.0,3777500.0,2022700.0,28.0,145300.0,0.4366,0.157,0.0655,0.1109,0.1058,0.1242,0.3487293541602014,-233900.0,1700300.0,2026-05-15T13:56:29.052797
59888a0b-a28e-46c0-a45d-666cbc0e1687,28cea656-1460-44ae-8906-a05ac115a1b6,2025-10-01,4520400.0,2527000.0,1993400.0,31.0,84200.0,0.5248,0.1398,0.0607,0.1391,0.0541,0.0814,0.4409786744535882,-1250500.0,1829700.0,2026-05-15T13:56:29.052797
cf53f513-effc-42b8-8368-907cc28adead,28cea656-1460-44ae-8906-a05ac115a1b6,2025-11-01,4713900.0,2718500.0,1995400.0,44.0,63200.0,0.4652,0.207,0.0719,0.1273,0.0657,0.0629,0.42330130040942743,191500.0,2003800.0,2026-05-15T13:56:29.052797
a6ef5d6a-4ea1-459f-b9be-c233f715adbd,28cea656-1460-44ae-8906-a05ac115a1b6,2025-12-01,4601700.0,3502900.0,1098800.0,38.0,94700.0,0.3821,0.1603,0.01,0.2019,0.1053,0.1404,0.23878131994697613,784400.0,1695900.0,2026-05-15T13:56:29.052797
510df7c2-bbc1-4192-b4f4-6039a4804da8,28cea656-1460-44ae-8906-a05ac115a1b6,2026-01-01,5591100.0,4280000.0,1311100.0,39.0,115700.0,0.3804,0.0967,0.0718,0.3008,0.0414,0.1088,0.2344976838189265,777100.0,1468400.0,2026-05-15T13:56:29.052797
57fb42b5-951c-4699-b6f3-ce36b551b7bf,28cea656-1460-44ae-8906-a05ac115a1b6,2026-02-01,5635100.0,4274900.0,1360200.0,33.0,137900.0,0.3687,0.1394,0.092,0.229,0.0522,0.1186,0.24137992227289667,-5100.0,1256700.0,2026-05-15T13:56:29.052797
ce6cc742-a9b8-46aa-8e88-5f7255211425,28cea656-1460-44ae-8906-a05ac115a1b6,2026-03-01,4761000.0,4404100.0,356900.0,27.0,169400.0,0.369,0.1881,0.0206,0.1232,0.202,0.097,0.07496324301617308,129200.0,1009400.0,2026-05-15T13:56:29.052797
9d402b6c-4768-44f2-a1ba-5dfca253eeaf,28cea656-1460-44ae-8906-a05ac115a1b6,2026-04-01,5971100.0,4079100.0,1892000.0,29.0,151100.0,0.4679,0.1328,0.0474,0.1554,0.0484,0.148,0.3168595401182362,-325000.0,1203000.0,2026-05-15T13:56:29.052797
727a9e9e-9501-4fc3-b416-7981b8805f6d,28cea656-1460-44ae-8906-a05ac115a1b6,2026-05-01,5529000.0,4845700.0,683300.0,36.0,142500.0,0.4255,0.1451,0.1411,0.2544,0.0128,0.021,0.12358473503345994,766600.0,977400.0,2026-05-15T13:56:29.052797
7c20fbaf-ff74-4e53-8e3e-e34ce4ebd8e0,2ab196d8-5c7f-41cd-abb2-6278fa8a008e,2025-06-01,3727300.0,1948100.0,1779200.0,24.0,84700.0,0.3926,0.1012,0.1278,0.1198,0.0713,0.1873,0.4773428487108631,0.0,1779200.0,2026-05-15T13:56:29.052797
70033a80-ccc6-45c1-9e10-f56c0407f45e,2ab196d8-5c7f-41cd-abb2-6278fa8a008e,2025-07-01,3721100.0,2293600.0,1427500.0,36.0,65500.0,0.4,0.1748,0.1106,0.0454,0.1014,0.1677,0.38362312219504985,345500.0,1603400.0,2026-05-15T13:56:29.052797
3dc6d462-e8a5-4352-a713-e93484aa6234,2ab196d8-5c7f-41cd-abb2-6278fa8a008e,2025-08-01,3784100.0,3167100.0,617000.0,31.0,105600.0,0.449,0.1698,0.0589,0.1392,0.085,0.0982,0.16305065933775534,873500.0,1274600.0,2026-05-15T13:56:29.052797
88d45dc5-b76c-4b28-94fa-75671cbd14a2,2ab196d8-5c7f-41cd-abb2-6278fa8a008e,2025-09-01,3918200.0,2864900.0,1053300.0,38.0,77400.0,0.4921,0.1809,0.01,0.1098,0.1095,0.0977,0.26882241845745497,-302200.0,1032600.0,2026-05-15T13:56:29.052797
594c7ed1-bd6a-455e-a637-4dc6572c9975,2ab196d8-5c7f-41cd-abb2-6278fa8a008e,2025-10-01,4773200.0,3244100.0,1529100.0,38.0,90100.0,0.3899,0.1942,0.0417,0.1565,0.1252,0.0926,0.320351127126456,379200.0,1066500.0,2026-05-15T13:56:29.052797
b36c95c0-6f9b-4396-ac82-0c64f5e44b19,2ab196d8-5c7f-41cd-abb2-6278fa8a008e,2025-11-01,3727800.0,2644800.0,1083000.0,32.0,85300.0,0.3427,0.1935,0.0456,0.1511,0.1198,0.1473,0.290519877675841,-599300.0,1221800.0,2026-05-15T13:56:29.052797
c5e2e59c-5d7f-4054-a389-642bb63f718a,2ab196d8-5c7f-41cd-abb2-6278fa8a008e,2025-12-01,3756300.0,2434200.0,1322100.0,37.0,67600.0,0.2541,0.1407,0.0473,0.1338,0.3211,0.1029,0.351968692596438,-210600.0,1311400.0,2026-05-15T13:56:29.052797
e289ef2e-a149-49eb-bee7-d833824750b0,2ab196d8-5c7f-41cd-abb2-6278fa8a008e,2026-01-01,4961600.0,4760400.0,201200.0,32.0,158700.0,0.3249,0.1988,0.0762,0.2167,0.099,0.0845,0.04055143502096098,2326200.0,868800.0,2026-05-15T13:56:29.052797
5a90b797-67d2-45d7-82e0-0675f46c8e0b,2ab196d8-5c7f-41cd-abb2-6278fa8a008e,2026-02-01,3999800.0,2519000.0,1480800.0,24.0,109500.0,0.3083,0.1757,0.0884,0.2241,0.1228,0.0807,0.37021851092554625,-2241400.0,1001400.0,2026-05-15T13:56:29.052797
847198df-f2b3-4b8b-bfcc-ab564215c61a,2ab196d8-5c7f-41cd-abb2-6278fa8a008e,2026-03-01,4020600.0,3550900.0,469700.0,32.0,114500.0,0.41,0.01,0.0631,0.2449,0.107,0.165,0.11682335969755758,1031900.0,717200.0,2026-05-15T13:56:29.052797
aa8ba2b6-83cc-45be-aecb-7b59a1d8cfb9,2ab196d8-5c7f-41cd-abb2-6278fa8a008e,2026-04-01,3888100.0,2578400.0,1309700.0,41.0,64500.0,0.5216,0.1403,0.0571,0.2034,0.0239,0.0537,0.336848332090224,-972500.0,1086700.0,2026-05-15T13:56:29.052797
8b435c20-857f-46ba-aa6e-23aec53a6828,2ab196d8-5c7f-41cd-abb2-6278fa8a008e,2026-05-01,3696400.0,3204600.0,491800.0,33.0,100100.0,0.5053,0.1082,0.071,0.1214,0.1356,0.0586,0.13304837138837788,626200.0,757100.0,2026-05-15T13:56:29.052797
f983226d-49b1-4535-92e7-0298ea3197a6,2cdcdd07-ab5d-4fbf-9c6a-363c8d7912dd,2025-06-01,1931800.0,1075800.0,856000.0,32.0,34700.0,0.3954,0.1408,0.0718,0.2121,0.0564,0.1234,0.4431100528004969,0.0,856000.0,2026-05-15T13:56:29.052797
79145cd4-4a74-45d8-9d22-a6da76d960e1,2cdcdd07-ab5d-4fbf-9c6a-363c8d7912dd,2025-07-01,1944500.0,1642300.0,302200.0,36.0,46900.0,0.4472,0.14,0.0284,0.1266,0.1055,0.1523,0.15541270249421446,566500.0,579100.0,2026-05-15T13:56:29.052797
25794913-fc59-49d4-ab42-78c2beec9859,2cdcdd07-ab5d-4fbf-9c6a-363c8d7912dd,2025-08-01,2060400.0,1460700.0,599700.0,30.0,50400.0,0.4832,0.1822,0.0546,0.2457,0.01,0.0244,0.2910599883517764,-181600.0,586000.0,2026-05-15T13:56:29.052797
bfe57845-c623-435a-a6e6-38b11811e841,2cdcdd07-ab5d-4fbf-9c6a-363c8d7912dd,2025-09-01,2487000.0,1902300.0,584700.0,37.0,54400.0,0.3295,0.1167,0.1339,0.1999,0.094,0.126,0.235102533172497,441600.0,495500.0,2026-05-15T13:56:29.052797
87a5788a-368e-4280-8c69-ba736d40b2ce,2cdcdd07-ab5d-4fbf-9c6a-363c8d7912dd,2025-10-01,2005400.0,1367400.0,638000.0,35.0,40200.0,0.4142,0.0577,0.127,0.222,0.0973,0.0819,0.31814101924803034,-534900.0,607500.0,2026-05-15T13:56:29.052797
3e2d1e04-6a55-4209-9602-bb148e6b0b5b,2cdcdd07-ab5d-4fbf-9c6a-363c8d7912dd,2025-11-01,2597800.0,2029300.0,568500.0,35.0,61500.0,0.4439,0.1362,0.0382,0.2235,0.0663,0.0919,0.21883901763030256,661900.0,597100.0,2026-05-15T13:56:29.052797
ee4872c2-676e-4568-9650-18beaeada9da,2cdcdd07-ab5d-4fbf-9c6a-363c8d7912dd,2025-12-01,2076900.0,1475000.0,601900.0,31.0,49200.0,0.4736,0.1381,0.109,0.058,0.0606,0.1606,0.2898069237806346,-554300.0,602800.0,2026-05-15T13:56:29.052797
e0ae00a0-2af9-4962-979a-154cf404b709,2cdcdd07-ab5d-4fbf-9c6a-363c8d7912dd,2026-01-01,2070200.0,2156400.0,-86200.0,30.0,74400.0,0.4187,0.1905,0.1023,0.121,0.0435,0.124,-0.04163848903487586,681400.0,361400.0,2026-05-15T13:56:29.052797
c6ce98ff-832b-44c4-b1cf-4d9da5bed375,2cdcdd07-ab5d-4fbf-9c6a-363c8d7912dd,2026-02-01,2034400.0,1231300.0,803100.0,29.0,44000.0,0.4144,0.1738,0.116,0.159,0.01,0.1268,0.3947601258356272,-925100.0,439600.0,2026-05-15T13:56:29.052797
d1982528-5552-420a-8d24-97f5d33fd85a,2cdcdd07-ab5d-4fbf-9c6a-363c8d7912dd,2026-03-01,2002000.0,1600000.0,402000.0,42.0,39000.0,0.4029,0.1391,0.0894,0.1334,0.1098,0.1254,0.2007992007992008,368700.0,373000.0,2026-05-15T13:56:29.052797
872a788f-689c-41df-9a43-896c42346174,2cdcdd07-ab5d-4fbf-9c6a-363c8d7912dd,2026-04-01,2328300.0,2162100.0,166200.0,41.0,55400.0,0.4266,0.1904,0.0642,0.19,0.0503,0.0785,0.0713825537946141,562100.0,457100.0,2026-05-15T13:56:29.052797
88561d95-02bc-4318-88b6-3b264ecd6504,2cdcdd07-ab5d-4fbf-9c6a-363c8d7912dd,2026-05-01,1931400.0,1249800.0,681600.0,36.0,35700.0,0.3681,0.1181,0.1335,0.1658,0.0158,0.1988,0.35290462876669776,-912300.0,416600.0,2026-05-15T13:56:29.052797
3e9ef952-b240-4d5c-aa2b-8b78ebd72554,2d56337b-b036-4ed0-9c78-33ef684c92a5,2025-06-01,4765200.0,3783400.0,981800.0,38.0,102300.0,0.4181,0.1462,0.0995,0.1963,0.041,0.0989,0.20603542348694703,0.0,981800.0,2026-05-15T13:56:29.052797
c86c7f67-efbe-4df2-b27d-4c8dc67c2beb,2d56337b-b036-4ed0-9c78-33ef684c92a5,2025-07-01,5441300.0,4239200.0,1202100.0,44.0,100900.0,0.4168,0.1552,0.1204,0.1793,0.01,0.1183,0.22092147097201037,455800.0,1092000.0,2026-05-15T13:56:29.052797
ac24e8ec-519b-443d-9665-822c757009f1,2d56337b-b036-4ed0-9c78-33ef684c92a5,2025-08-01,6350200.0,5259200.0,1091000.0,34.0,164400.0,0.3253,0.1718,0.2016,0.238,0.0425,0.0208,0.171805612421656,1020000.0,1091600.0,2026-05-15T13:56:29.052797
68d95f4c-6537-464c-89c5-c709f9b5fdc8,2d56337b-b036-4ed0-9c78-33ef684c92a5,2025-09-01,4778600.0,3554800.0,1223800.0,35.0,104600.0,0.2978,0.3325,0.1021,0.1469,0.01,0.1107,0.25610011300380864,-1704400.0,1172300.0,2026-05-15T13:56:29.052797
d4366922-56b4-4257-b479-87864434affd,2d56337b-b036-4ed0-9c78-33ef684c92a5,2025-10-01,5848200.0,4159400.0,1688800.0,35.0,126000.0,0.5091,0.0188,0.1083,0.1816,0.0359,0.1463,0.2887726137956978,604600.0,1334500.0,2026-05-15T13:56:29.052797
e7ee456f-009d-4312-98dc-0524c67dfff9,2d56337b-b036-4ed0-9c78-33ef684c92a5,2025-11-01,4923500.0,3556300.0,1367200.0,39.0,93600.0,0.3886,0.1952,0.0829,0.2873,0.0174,0.0286,0.27768863613283234,-603100.0,1426600.0,2026-05-15T13:56:29.052797
98eda80c-9445-410b-b4d3-20f7a1754655,2d56337b-b036-4ed0-9c78-33ef684c92a5,2025-12-01,6179600.0,5362100.0,817500.0,42.0,134100.0,0.4229,0.1576,0.0867,0.1166,0.1261,0.0902,0.13229011586510453,1805800.0,1291200.0,2026-05-15T13:56:29.052797
6ecb3204-9876-4d0e-ac1f-d34847e89783,2d56337b-b036-4ed0-9c78-33ef684c92a5,2026-01-01,4729300.0,3607600.0,1121700.0,40.0,92500.0,0.4119,0.1566,0.1221,0.1554,0.1219,0.0321,0.23718097815744402,-1754500.0,1102100.0,2026-05-15T13:56:29.052797
90b00567-deef-48a8-b7b7-b005f0241218,2d56337b-b036-4ed0-9c78-33ef684c92a5,2026-02-01,5037400.0,3316400.0,1721000.0,30.0,114400.0,0.4893,0.1763,0.0789,0.0618,0.0549,0.1388,0.34164449914638506,-291200.0,1220100.0,2026-05-15T13:56:29.052797
78bf87a1-ea92-4dbc-ab36-7389e650adf4,2d56337b-b036-4ed0-9c78-33ef684c92a5,2026-03-01,5900500.0,3078500.0,2822000.0,30.0,109900.0,0.3049,0.1401,0.1069,0.2188,0.072,0.1573,0.4782645538513685,-237900.0,1888200.0,2026-05-15T13:56:29.052797
5ae12993-ff7a-4845-8e37-152f2b25fa99,2d56337b-b036-4ed0-9c78-33ef684c92a5,2026-04-01,4911300.0,4422200.0,489100.0,30.0,152500.0,0.3118,0.1389,0.0352,0.1257,0.2206,0.1678,0.09958666748111498,1343700.0,1677400.0,2026-05-15T13:56:29.052797
1c7369d4-e5ad-4c64-807c-92a045b5cc7d,2d56337b-b036-4ed0-9c78-33ef684c92a5,2026-05-01,4782300.0,3305300.0,1477000.0,36.0,94400.0,0.2655,0.1888,0.0902,0.2887,0.0442,0.1226,0.30884720741066013,-1116900.0,1596000.0,2026-05-15T13:56:29.052797
eb34def4-d288-486e-b487-e0b481797828,2f6156c5-f588-47b8-8ff9-86efc08cd4ba,2025-06-01,3761000.0,2540600.0,1220400.0,37.0,70600.0,0.3975,0.2209,0.0457,0.1737,0.0463,0.1159,0.3244881680404148,0.0,1220400.0,2026-05-15T13:56:29.052797
b54b7d85-5e42-440b-8fda-d30ff705f2b7,2f6156c5-f588-47b8-8ff9-86efc08cd4ba,2025-07-01,3661100.0,2495200.0,1165900.0,39.0,65700.0,0.3723,0.1437,0.0571,0.2074,0.1102,0.1093,0.31845620168801725,-45400.0,1193200.0,2026-05-15T13:56:29.052797
58b7197b-e1d1-4d7a-989d-0a295013b368,2f6156c5-f588-47b8-8ff9-86efc08cd4ba,2025-08-01,4624500.0,4038000.0,586500.0,24.0,183500.0,0.3859,0.1599,0.0417,0.2011,0.0985,0.1129,0.12682452156989946,1542800.0,990900.0,2026-05-15T13:56:29.052797
6cbed86c-f7ab-4b82-97b4-3f3e9ab76bcb,2f6156c5-f588-47b8-8ff9-86efc08cd4ba,2025-09-01,4746900.0,3871400.0,875500.0,41.0,99300.0,0.2507,0.1646,0.0937,0.1551,0.0633,0.2726,0.1844361583349133,-166600.0,876000.0,2026-05-15T13:56:29.052797
21097ad6-9969-4668-a522-ac8a78eed2e6,2f6156c5-f588-47b8-8ff9-86efc08cd4ba,2025-10-01,3788500.0,1997100.0,1791400.0,34.0,60500.0,0.4201,0.1477,0.0786,0.1964,0.1043,0.0529,0.4728520522634288,-1874300.0,1084500.0,2026-05-15T13:56:29.052797
47e4e185-0dbc-4fcc-abc4-545a341bddf4,2f6156c5-f588-47b8-8ff9-86efc08cd4ba,2025-11-01,3675600.0,3141300.0,534300.0,31.0,104700.0,0.3599,0.1188,0.0733,0.1101,0.2275,0.1104,0.14536402220045708,1144200.0,1067100.0,2026-05-15T13:56:29.052797
54123556-ffd3-4a0e-b005-396e852e17ab,2f6156c5-f588-47b8-8ff9-86efc08cd4ba,2025-12-01,3837000.0,3379000.0,458000.0,37.0,93900.0,0.3947,0.1751,0.0915,0.2257,0.0802,0.0328,0.11936408652593172,237700.0,927900.0,2026-05-15T13:56:29.052797
d06a108c-fcc8-4849-85e2-54fd84ba7c1e,2f6156c5-f588-47b8-8ff9-86efc08cd4ba,2026-01-01,3710000.0,3004900.0,705100.0,43.0,71500.0,0.3869,0.1387,0.1371,0.0718,0.1321,0.1335,0.19005390835579514,-374100.0,565800.0,2026-05-15T13:56:29.052797
650ae583-08da-4684-abb8-b3406ed0aa32,2f6156c5-f588-47b8-8ff9-86efc08cd4ba,2026-02-01,3803200.0,2734400.0,1068800.0,31.0,91100.0,0.2705,0.2008,0.0831,0.1693,0.0837,0.1926,0.2810265039966344,-270500.0,744000.0,2026-05-15T13:56:29.052797
a73eb550-57b9-4a2c-ae17-a3f4face96e4,2f6156c5-f588-47b8-8ff9-86efc08cd4ba,2026-03-01,3826200.0,3291700.0,534500.0,31.0,109700.0,0.3741,0.1333,0.1366,0.2107,0.0924,0.053,0.13969473629188228,557300.0,769500.0,2026-05-15T13:56:29.052797
375acaf4-067d-49c3-9d58-0504de0c3863,2f6156c5-f588-47b8-8ff9-86efc08cd4ba,2026-04-01,3945400.0,3318800.0,626600.0,26.0,132800.0,0.2949,0.1592,0.0728,0.2815,0.1158,0.0759,0.1588178638414356,27100.0,743300.0,2026-05-15T13:56:29.052797
a72f2356-48c2-4b80-b52b-7fe8c9a5a97e,2f6156c5-f588-47b8-8ff9-86efc08cd4ba,2026-05-01,3763500.0,3148300.0,615200.0,38.0,85100.0,0.4125,0.186,0.0247,0.1828,0.0719,0.1221,0.16346485983791684,-170500.0,592100.0,2026-05-15T13:56:29.052797
a62faf84-599e-4197-b7ba-bd2947a8e30e,332cbe57-1547-43dc-8f6b-d1b87647f59e,2025-06-01,7120700.0,4201900.0,2918800.0,42.0,102500.0,0.404,0.1565,0.0129,0.2085,0.0602,0.158,0.4099035207212774,0.0,2918800.0,2026-05-15T13:56:29.052797
50f85a04-3c86-4ac2-bf46-f2b5e2895d16,332cbe57-1547-43dc-8f6b-d1b87647f59e,2025-07-01,8659000.0,8010000.0,649000.0,37.0,228900.0,0.4135,0.1454,0.0974,0.2699,0.0487,0.0252,0.07495091811987527,3808100.0,1783900.0,2026-05-15T13:56:29.052797
52a737be-6185-4b14-9fe6-51f02367ffb9,332cbe57-1547-43dc-8f6b-d1b87647f59e,2025-08-01,6583100.0,4679100.0,1904000.0,41.0,117000.0,0.4605,0.1298,0.1026,0.1207,0.109,0.0774,0.2892254409017028,-3330900.0,1823900.0,2026-05-15T13:56:29.052797
207cc956-39f1-4304-914e-a1620094c749,332cbe57-1547-43dc-8f6b-d1b87647f59e,2025-09-01,6633200.0,5438800.0,1194400.0,31.0,181300.0,0.368,0.0832,0.1227,0.2034,0.0396,0.1831,0.18006392088283182,759700.0,1249100.0,2026-05-15T13:56:29.052797
6fea1651-8447-42a6-9265-96970562ba4a,332cbe57-1547-43dc-8f6b-d1b87647f59e,2025-10-01,6832400.0,4312000.0,2520400.0,37.0,119800.0,0.3653,0.2718,0.0822,0.1609,0.0339,0.0859,0.36888940928517067,-1126800.0,1872900.0,2026-05-15T13:56:29.052797
dc255068-a947-49bd-afc7-7dba07c2cf5d,332cbe57-1547-43dc-8f6b-d1b87647f59e,2025-11-01,7194900.0,6324000.0,870900.0,31.0,210800.0,0.4181,0.15,0.0588,0.1678,0.0663,0.1389,0.12104407288496018,2012000.0,1528600.0,2026-05-15T13:56:29.052797
f6956d55-b97e-400d-bba2-a8854f67a089,332cbe57-1547-43dc-8f6b-d1b87647f59e,2025-12-01,8875900.0,6539400.0,2336500.0,43.0,159500.0,0.4103,0.2451,0.0625,0.1068,0.0405,0.1349,0.2632409107808786,215400.0,1909300.0,2026-05-15T13:56:29.052797
3ad8bbcc-1d53-4429-80e2-eac9ac64a604,332cbe57-1547-43dc-8f6b-d1b87647f59e,2026-01-01,6715100.0,3677800.0,3037300.0,29.0,131400.0,0.3474,0.1162,0.186,0.1577,0.0532,0.1396,0.45230897529448555,-2861600.0,2081600.0,2026-05-15T13:56:29.052797
14cb266f-a923-49d7-921c-21db9d4c41b3,332cbe57-1547-43dc-8f6b-d1b87647f59e,2026-02-01,8403000.0,7362100.0,1040900.0,29.0,272700.0,0.4083,0.1424,0.0814,0.2055,0.0837,0.0787,0.12387242651434012,3684300.0,2138200.0,2026-05-15T13:56:29.052797
87cd3411-8ddc-43ca-836e-6083d51ed8a9,332cbe57-1547-43dc-8f6b-d1b87647f59e,2026-03-01,7192200.0,5869700.0,1322500.0,37.0,163000.0,0.3512,0.0491,0.1424,0.3485,0.0613,0.0474,0.1838797586274019,-1492400.0,1800200.0,2026-05-15T13:56:29.052797
d4ffc16f-038d-440c-a06d-5492088b1b36,332cbe57-1547-43dc-8f6b-d1b87647f59e,2026-04-01,6795100.0,5688700.0,1106400.0,43.0,135400.0,0.4333,0.1477,0.0713,0.1424,0.0566,0.1488,0.16282321084310752,-181000.0,1156600.0,2026-05-15T13:56:29.052797
1a5a13bc-bd3a-4777-9fd4-0f0bbe3f7439,332cbe57-1547-43dc-8f6b-d1b87647f59e,2026-05-01,7686900.0,5494100.0,2192800.0,34.0,171700.0,0.378,0.0444,0.0439,0.2421,0.2169,0.0747,0.2852645409723035,-194600.0,1540600.0,2026-05-15T13:56:29.052797
02361c6f-1e3c-4f17-9e22-62696d44bb28,33cf668d-eb31-4abe-bbdf-494c38e09622,2025-06-01,4055400.0,3088300.0,967100.0,38.0,85800.0,0.3471,0.1746,0.0716,0.1886,0.0462,0.1719,0.2384721605760221,0.0,967100.0,2026-05-15T13:56:29.052797
d2efe2b1-5615-42b6-910a-2cd1eac8be4e,33cf668d-eb31-4abe-bbdf-494c38e09622,2025-07-01,3970200.0,3328100.0,642100.0,40.0,87600.0,0.3236,0.1246,0.1138,0.1409,0.0844,0.2127,0.16172988766309002,239800.0,804600.0,2026-05-15T13:56:29.052797
f4622961-241e-4ab2-ad24-89d0ac936403,33cf668d-eb31-4abe-bbdf-494c38e09622,2025-08-01,3211500.0,2151300.0,1060200.0,39.0,56600.0,0.4244,0.1588,0.0736,0.208,0.1132,0.0219,0.3301261092947221,-1176800.0,889800.0,2026-05-15T13:56:29.052797
be09a9b0-8f3e-4eea-b793-5487cdbd3eae,33cf668d-eb31-4abe-bbdf-494c38e09622,2025-09-01,3241600.0,1728700.0,1512900.0,30.0,59600.0,0.3965,0.1575,0.1089,0.1867,0.01,0.1405,0.46671396841066143,-422600.0,1071700.0,2026-05-15T13:56:29.052797
1698c057-976c-4619-859e-87c672ee4c02,33cf668d-eb31-4abe-bbdf-494c38e09622,2025-10-01,3171200.0,2523900.0,647300.0,42.0,61600.0,0.401,0.1359,0.0562,0.1975,0.0725,0.137,0.2041183148335015,795200.0,1073500.0,2026-05-15T13:56:29.052797
fb326c71-3713-41dc-9b97-39fcae897b3f,33cf668d-eb31-4abe-bbdf-494c38e09622,2025-11-01,3132200.0,2291900.0,840300.0,22.0,109100.0,0.4493,0.1278,0.0545,0.2265,0.0325,0.1095,0.26827788774663175,-232000.0,1000200.0,2026-05-15T13:56:29.052797
db80c314-c33d-4fdd-8d8f-ec07670dcc15,33cf668d-eb31-4abe-bbdf-494c38e09622,2025-12-01,2984100.0,1830500.0,1153600.0,31.0,61000.0,0.5859,0.086,0.0517,0.1545,0.0453,0.0766,0.3865822190945344,-461400.0,880400.0,2026-05-15T13:56:29.052797
675697b7-5f7c-4970-9e95-bee3df4282d3,33cf668d-eb31-4abe-bbdf-494c38e09622,2026-01-01,3127500.0,2387000.0,740500.0,36.0,68200.0,0.5524,0.1363,0.0795,0.1337,0.0196,0.0785,0.23677058353317346,556500.0,911500.0,2026-05-15T13:56:29.052797
e876bfc3-b233-4b66-908c-cc65d8cb5f44,33cf668d-eb31-4abe-bbdf-494c38e09622,2026-02-01,3055000.0,2197600.0,857400.0,33.0,68700.0,0.4804,0.2054,0.01,0.1802,0.1139,0.01,0.2806546644844517,-189400.0,917200.0,2026-05-15T13:56:29.052797
567944ca-2757-4473-8235-818568dd9dd2,33cf668d-eb31-4abe-bbdf-494c38e09622,2026-03-01,3193000.0,2354100.0,838900.0,39.0,62000.0,0.3725,0.1263,0.1237,0.1562,0.1205,0.1008,0.26273097400563733,156500.0,812300.0,2026-05-15T13:56:29.052797
4255dc68-6736-4ef2-b4c4-bcc8b4f835b5,33cf668d-eb31-4abe-bbdf-494c38e09622,2026-04-01,3165100.0,2558000.0,607100.0,42.0,62400.0,0.371,0.0976,0.1156,0.2119,0.1081,0.0958,0.19181068528640485,203900.0,767800.0,2026-05-15T13:56:29.052797
bbe354bb-1248-45fd-b547-35478987338d,33cf668d-eb31-4abe-bbdf-494c38e09622,2026-05-01,3727400.0,2195700.0,1531700.0,34.0,68600.0,0.6125,0.1426,0.0249,0.1534,0.0409,0.0257,0.4109298706873424,-362300.0,992600.0,2026-05-15T13:56:29.052797
d2fd6b29-a725-4b16-b513-23ee75630f02,355dcc1b-bc2e-41a5-8f0a-4de139ca1c6a,2025-06-01,2914100.0,2375800.0,538300.0,34.0,72000.0,0.3056,0.1021,0.1192,0.3011,0.0768,0.0952,0.18472255584914726,0.0,538300.0,2026-05-15T13:56:29.052797
cd491426-322a-4160-b514-fdab52fb96e4,355dcc1b-bc2e-41a5-8f0a-4de139ca1c6a,2025-07-01,2923200.0,2164900.0,758300.0,40.0,55500.0,0.5257,0.1356,0.1125,0.1488,0.01,0.0674,0.25940749863163653,-210900.0,648300.0,2026-05-15T13:56:29.052797
5edd5ecc-3db0-4ed2-aeb8-5489a649f395,355dcc1b-bc2e-41a5-8f0a-4de139ca1c6a,2025-08-01,3017800.0,1930300.0,1087500.0,38.0,52200.0,0.293,0.4758,0.0186,0.118,0.0365,0.058,0.3603618530055007,-234600.0,794700.0,2026-05-15T13:56:29.052797
afb40e1a-fb8b-4a15-86dc-2800dfb26fc4,355dcc1b-bc2e-41a5-8f0a-4de139ca1c6a,2025-09-01,3721300.0,3032100.0,689200.0,34.0,94800.0,0.3618,0.2083,0.0706,0.1697,0.0505,0.139,0.1852040953430253,1101800.0,845000.0,2026-05-15T13:56:29.052797
2efc12c3-acc9-4daf-a538-10289d155f56,355dcc1b-bc2e-41a5-8f0a-4de139ca1c6a,2025-10-01,2996500.0,1773000.0,1223500.0,30.0,61100.0,0.5628,0.0754,0.0599,0.165,0.0632,0.0737,0.40830969464375105,-1259100.0,1000100.0,2026-05-15T13:56:29.052797
d412f5b4-abd7-4ea1-8c62-90ccc1e21afb,355dcc1b-bc2e-41a5-8f0a-4de139ca1c6a,2025-11-01,3343900.0,2188000.0,1155900.0,35.0,66300.0,0.334,0.1775,0.1286,0.1978,0.0521,0.1101,0.34567421274559645,415000.0,1022900.0,2026-05-15T13:56:29.052797
31e5214e-3d9e-4cf2-b9a0-476c916fa538,355dcc1b-bc2e-41a5-8f0a-4de139ca1c6a,2025-12-01,2988900.0,2431600.0,557300.0,33.0,76000.0,0.3723,0.159,0.12,0.0977,0.1051,0.1459,0.18645655592358393,243600.0,978900.0,2026-05-15T13:56:29.052797
2d06241a-114d-4a35-b038-324d1850d0a6,355dcc1b-bc2e-41a5-8f0a-4de139ca1c6a,2026-01-01,3762400.0,2825700.0,936700.0,35.0,85600.0,0.4073,0.1628,0.0292,0.1903,0.0748,0.1357,0.24896342759940462,394100.0,883300.0,2026-05-15T13:56:29.052797
7eb69c3b-9052-4765-a8f1-ceca60ff402f,355dcc1b-bc2e-41a5-8f0a-4de139ca1c6a,2026-02-01,3376900.0,2133400.0,1243500.0,37.0,61000.0,0.4524,0.18,0.01,0.1129,0.1168,0.1279,0.3682371405727146,-692300.0,912500.0,2026-05-15T13:56:29.052797
1cc2e0fc-efc3-425f-981a-d77da8990a2a,355dcc1b-bc2e-41a5-8f0a-4de139ca1c6a,2026-03-01,3318400.0,2634000.0,684400.0,44.0,62700.0,0.3635,0.1797,0.0463,0.179,0.102,0.1294,0.20624397299903569,500600.0,954900.0,2026-05-15T13:56:29.052797
5d5cf31c-ddbb-42b2-b501-f03129fc3ec8,355dcc1b-bc2e-41a5-8f0a-4de139ca1c6a,2026-04-01,3754600.0,3066200.0,688400.0,33.0,98900.0,0.3385,0.2012,0.0935,0.2839,0.01,0.0729,0.18334842593085815,432200.0,872100.0,2026-05-15T13:56:29.052797
5483cc9e-d58d-4e02-8814-369e3ceb48e7,355dcc1b-bc2e-41a5-8f0a-4de139ca1c6a,2026-05-01,3102600.0,2547900.0,554700.0,30.0,87900.0,0.437,0.099,0.0493,0.195,0.0847,0.135,0.1787855347128215,-518300.0,642500.0,2026-05-15T13:56:29.052797
c037cb19-263f-49bf-9388-0f6522cc4aa6,3f6af16f-81fe-44b1-b16a-365093cc3412,2025-06-01,5381800.0,2857000.0,2524800.0,31.0,95200.0,0.5152,0.01,0.0718,0.2659,0.031,0.1061,0.46913672005648666,0.0,2524800.0,2026-05-15T13:56:29.052797
995eb0ea-f5d6-4d05-94b2-fbb79112f444,3f6af16f-81fe-44b1-b16a-365093cc3412,2025-07-01,5255500.0,4085000.0,1170500.0,32.0,131800.0,0.3926,0.1611,0.027,0.2042,0.0602,0.1549,0.22271905622681,1228000.0,1847600.0,2026-05-15T13:56:29.052797
9ddef494-e0f6-4e91-8b23-a68cc6ec0f05,3f6af16f-81fe-44b1-b16a-365093cc3412,2025-08-01,6664100.0,5064100.0,1600000.0,38.0,140700.0,0.4144,0.2402,0.0626,0.1482,0.1109,0.0236,0.24009243558770127,979100.0,1765100.0,2026-05-15T13:56:29.052797
8a98d1ea-06a4-48c7-873f-9222335fe2bf,3f6af16f-81fe-44b1-b16a-365093cc3412,2025-09-01,5584900.0,2919300.0,2665600.0,27.0,112300.0,0.3265,0.2902,0.0912,0.074,0.0966,0.1216,0.47728697022328065,-2144800.0,1812000.0,2026-05-15T13:56:29.052797
89922497-2051-4e42-8e2e-c9753e0327a9,3f6af16f-81fe-44b1-b16a-365093cc3412,2025-10-01,5237000.0,4537100.0,699900.0,31.0,151200.0,0.4056,0.1008,0.0813,0.205,0.0566,0.1506,0.13364521672713386,1617800.0,1655200.0,2026-05-15T13:56:29.052797
db2c0015-493a-43bc-984d-61c1c3d3ed11,3f6af16f-81fe-44b1-b16a-365093cc3412,2025-11-01,5384300.0,3858000.0,1526300.0,41.0,96400.0,0.3462,0.2022,0.0272,0.1444,0.185,0.0949,0.28347231766432035,-679100.0,1630600.0,2026-05-15T13:56:29.052797
50020723-322d-4afd-be46-fb21119e47f1,3f6af16f-81fe-44b1-b16a-365093cc3412,2025-12-01,5418400.0,4515200.0,903200.0,33.0,141100.0,0.4802,0.1571,0.0764,0.1101,0.059,0.1172,0.1666912741768788,657200.0,1043100.0,2026-05-15T13:56:29.052797
0ef01bc0-d2af-4be1-8500-03a4f48e5c48,3f6af16f-81fe-44b1-b16a-365093cc3412,2026-01-01,5327000.0,3970000.0,1357000.0,36.0,113400.0,0.512,0.0576,0.088,0.143,0.0812,0.1181,0.25474000375445843,-545200.0,1262200.0,2026-05-15T13:56:29.052797
857215a0-f162-4442-a901-b21ba7a042bf,3f6af16f-81fe-44b1-b16a-365093cc3412,2026-02-01,5235200.0,4770600.0,464600.0,28.0,176700.0,0.3111,0.1694,0.0484,0.1022,0.0807,0.2882,0.08874541564792177,800600.0,908300.0,2026-05-15T13:56:29.052797
7777c1c7-88b2-4b4a-b8c1-ff003b837903,3f6af16f-81fe-44b1-b16a-365093cc3412,2026-03-01,5226100.0,3997300.0,1228800.0,32.0,128900.0,0.3946,0.1863,0.1074,0.2195,0.0821,0.01,0.23512753295956831,-773300.0,1016800.0,2026-05-15T13:56:29.052797
90148eeb-30e8-4569-a1c2-c550ce82e955,3f6af16f-81fe-44b1-b16a-365093cc3412,2026-04-01,5877000.0,4179300.0,1697700.0,42.0,104500.0,0.3881,0.1497,0.1297,0.0962,0.0967,0.1397,0.28887187340479836,182000.0,1130400.0,2026-05-15T13:56:29.052797
f2ab64ad-96ad-42ca-9190-52376bb04beb,3f6af16f-81fe-44b1-b16a-365093cc3412,2026-05-01,5722100.0,3817100.0,1905000.0,39.0,100400.0,0.3355,0.1212,0.048,0.2975,0.0739,0.1238,0.3329197322661261,-362200.0,1610500.0,2026-05-15T13:56:29.052797
e6e303ea-a3b3-4732-8891-5a8d3bcc8eee,42637386-fb69-4195-8bb3-aa4f5514b21a,2025-06-01,6821000.0,6866000.0,-45000.0,40.0,180700.0,0.3637,0.0756,0.2954,0.1323,0.1007,0.0322,-0.006597273127107462,0.0,-45000.0,2026-05-15T13:56:29.052797
dd1b3b81-bd90-4f9d-a572-3ceea6621e15,42637386-fb69-4195-8bb3-aa4f5514b21a,2025-07-01,6653000.0,6463500.0,189500.0,37.0,184700.0,0.4519,0.0851,0.1055,0.0785,0.1289,0.1502,0.028483390951450475,-402500.0,72200.0,2026-05-15T13:56:29.052797
47dc425a-9c27-48a1-b560-1ec6c2dba90e,42637386-fb69-4195-8bb3-aa4f5514b21a,2025-08-01,5908600.0,3743600.0,2165000.0,35.0,110100.0,0.5154,0.01,0.0564,0.2094,0.0917,0.1172,0.3664150560200386,-2719900.0,769800.0,2026-05-15T13:56:29.052797
c4785e3f-df3b-422d-9669-7973ae9eb7a5,42637386-fb69-4195-8bb3-aa4f5514b21a,2025-09-01,5961900.0,5949200.0,12700.0,30.0,205100.0,0.4634,0.183,0.0469,0.2084,0.0873,0.011,0.0021301933947231585,2205600.0,789100.0,2026-05-15T13:56:29.052797
4b828822-f2fd-44a3-ba97-e838a3b67c7f,42637386-fb69-4195-8bb3-aa4f5514b21a,2025-10-01,5485000.0,5922700.0,-437700.0,31.0,197400.0,0.4144,0.2284,0.0881,0.1443,0.0726,0.0523,-0.07979945305378304,-26500.0,580000.0,2026-05-15T13:56:29.052797
b4482d20-602b-451d-b365-405b9c7bc646,42637386-fb69-4195-8bb3-aa4f5514b21a,2025-11-01,5706900.0,4960900.0,746000.0,38.0,134100.0,0.4164,0.136,0.0983,0.2453,0.0939,0.01,0.13071895424836602,-961800.0,107000.0,2026-05-15T13:56:29.052797
c417ead0-2a82-45f7-8fcd-043e62afd559,42637386-fb69-4195-8bb3-aa4f5514b21a,2025-12-01,5856700.0,3797500.0,2059200.0,36.0,108500.0,0.4132,0.2387,0.01,0.119,0.0602,0.1589,0.3515973158946164,-1163400.0,789200.0,2026-05-15T13:56:29.052797
470bed4c-2620-4a7c-b8cc-39426afc8a88,42637386-fb69-4195-8bb3-aa4f5514b21a,2026-01-01,5946600.0,4975700.0,970900.0,46.0,110600.0,0.4238,0.1249,0.1103,0.2338,0.01,0.0972,0.16326976759829145,1178200.0,1258700.0,2026-05-15T13:56:29.052797
e763ee79-b31c-4c16-a1c1-3ecd61ef8300,42637386-fb69-4195-8bb3-aa4f5514b21a,2026-02-01,6333300.0,5293800.0,1039500.0,42.0,132300.0,0.3903,0.1802,0.1182,0.2017,0.0308,0.0788,0.16413244280233052,318100.0,1356500.0,2026-05-15T13:56:29.052797
f8988914-89d5-442a-8dc2-7d4c5d312e6e,42637386-fb69-4195-8bb3-aa4f5514b21a,2026-03-01,6052800.0,5035400.0,1017400.0,44.0,119900.0,0.3982,0.1859,0.01,0.2824,0.01,0.1135,0.16808749669574413,-258400.0,1009300.0,2026-05-15T13:56:29.052797
05816a5c-0891-485b-810c-c1ce5c029f48,42637386-fb69-4195-8bb3-aa4f5514b21a,2026-04-01,5798800.0,4006600.0,1792200.0,35.0,117800.0,0.389,0.1211,0.1332,0.1803,0.0625,0.114,0.30906394426433054,-1028800.0,1283000.0,2026-05-15T13:56:29.052797
4080e1e4-0820-4e3d-99c3-f8f3500ff61c,42637386-fb69-4195-8bb3-aa4f5514b21a,2026-05-01,5641700.0,3013700.0,2628000.0,44.0,70100.0,0.44,0.1845,0.0967,0.1701,0.01,0.0987,0.46581704096283033,-992900.0,1812500.0,2026-05-15T13:56:29.052797
76efa8bd-b8a5-4e1c-b17f-2a54184e2e72,4ce494c5-357c-47fa-b009-c5710ed80d53,2025-06-01,5949000.0,4708300.0,1240700.0,35.0,142700.0,0.4132,0.1867,0.0504,0.1374,0.0861,0.1262,0.20855605984199024,0.0,1240700.0,2026-05-15T13:56:29.052797
86401031-abd9-4a7d-95b3-f083d4e5ff7f,4ce494c5-357c-47fa-b009-c5710ed80d53,2025-07-01,6701600.0,5945100.0,756500.0,37.0,169900.0,0.4407,0.1769,0.0421,0.2774,0.0425,0.0205,0.11288349050972903,1236800.0,998600.0,2026-05-15T13:56:29.052797
ce209cc4-df9c-4926-87ab-71c5795cac78,4ce494c5-357c-47fa-b009-c5710ed80d53,2025-08-01,5353700.0,4613200.0,740500.0,27.0,177400.0,0.415,0.1509,0.0349,0.0979,0.1555,0.1458,0.1383155574649308,-1331900.0,912600.0,2026-05-15T13:56:29.052797
2be7d93a-f2ab-4773-97bc-7cee223d2c7a,4ce494c5-357c-47fa-b009-c5710ed80d53,2025-09-01,5292000.0,5399600.0,-107600.0,28.0,200000.0,0.492,0.1413,0.0609,0.1269,0.0561,0.1229,-0.02033257747543462,786400.0,463100.0,2026-05-15T13:56:29.052797
7adc8250-521a-4712-984e-0a65be2f811a,4ce494c5-357c-47fa-b009-c5710ed80d53,2025-10-01,5218600.0,4692200.0,526400.0,40.0,120300.0,0.4311,0.1247,0.1197,0.1364,0.0471,0.141,0.1008699651247461,-707400.0,386400.0,2026-05-15T13:56:29.052797
56e76bd3-bb90-4b0d-b93c-f83c51867bdd,4ce494c5-357c-47fa-b009-c5710ed80d53,2025-11-01,6474500.0,4752000.0,1722500.0,35.0,144000.0,0.4313,0.0699,0.0323,0.1768,0.0961,0.1935,0.2660437099389914,59800.0,713800.0,2026-05-15T13:56:29.052797
ee27926a-7473-4e23-bf86-f2652ec9ab82,4ce494c5-357c-47fa-b009-c5710ed80d53,2025-12-01,4969200.0,4490500.0,478700.0,34.0,136100.0,0.4009,0.0929,0.0805,0.2991,0.01,0.1165,0.0963334138291878,-261500.0,909200.0,2026-05-15T13:56:29.052797
206460b5-17c5-4ee7-bd39-db0a717b79f7,4ce494c5-357c-47fa-b009-c5710ed80d53,2026-01-01,5177400.0,4838700.0,338700.0,38.0,130800.0,0.3043,0.2166,0.1232,0.2473,0.01,0.0987,0.06541893614555569,348200.0,846600.0,2026-05-15T13:56:29.052797
2b94f68e-dcea-446e-881b-28a6f84c3d62,4ce494c5-357c-47fa-b009-c5710ed80d53,2026-02-01,5624500.0,3509100.0,2115400.0,32.0,117000.0,0.5261,0.123,0.068,0.1262,0.0384,0.1183,0.3761045426260112,-1329600.0,977600.0,2026-05-15T13:56:29.052797
5e38fffb-2e88-4ee8-b887-b5bb779b25b4,4ce494c5-357c-47fa-b009-c5710ed80d53,2026-03-01,5103400.0,3906500.0,1196900.0,42.0,95300.0,0.3468,0.1417,0.1171,0.113,0.1807,0.1007,0.2345299212289846,397400.0,1217000.0,2026-05-15T13:56:29.052797
8725319c-9d0b-47ae-b198-cd554b10f6e8,4ce494c5-357c-47fa-b009-c5710ed80d53,2026-04-01,5136500.0,4116100.0,1020400.0,33.0,128600.0,0.359,0.1714,0.1027,0.0869,0.0231,0.2569,0.19865667283169475,209600.0,1444200.0,2026-05-15T13:56:29.052797
2d7e5982-13f6-482d-92a0-92b00a30d009,4ce494c5-357c-47fa-b009-c5710ed80d53,2026-05-01,5803900.0,3989400.0,1814500.0,30.0,142500.0,0.3478,0.1988,0.0876,0.1462,0.0741,0.1456,0.3126346077637451,-126700.0,1343900.0,2026-05-15T13:56:29.052797
6de3c4a2-1613-4fd0-ba34-246d467a54df,547fa433-66f2-4c27-be8d-ae8e6677b500,2025-06-01,4545900.0,3319000.0,1226900.0,34.0,100600.0,0.3393,0.2005,0.1151,0.1554,0.0877,0.102,0.26989155062803843,0.0,1226900.0,2026-05-15T13:56:29.052797
dcdc6325-fd94-470d-9db6-a60bd88643f6,547fa433-66f2-4c27-be8d-ae8e6677b500,2025-07-01,4773700.0,3694100.0,1079600.0,27.0,142100.0,0.366,0.2758,0.0806,0.1503,0.0387,0.0885,0.22615581205354338,375100.0,1153200.0,2026-05-15T13:56:29.052797
fd207bfd-d994-42f5-aba4-2545462022be,547fa433-66f2-4c27-be8d-ae8e6677b500,2025-08-01,4678500.0,4351000.0,327500.0,34.0,131800.0,0.3312,0.16,0.0669,0.1304,0.268,0.0435,0.0700010687186064,656900.0,878000.0,2026-05-15T13:56:29.052797
2b42138d-d88b-4ed1-bcb8-6e8296d849e8,547fa433-66f2-4c27-be8d-ae8e6677b500,2025-09-01,4534500.0,2609400.0,1925100.0,38.0,70500.0,0.5153,0.061,0.0688,0.1833,0.0807,0.0911,0.4245451538207079,-1741600.0,1110700.0,2026-05-15T13:56:29.052797
f3355cb3-423c-4789-bb12-2a696f504fb5,547fa433-66f2-4c27-be8d-ae8e6677b500,2025-10-01,4516600.0,3278400.0,1238200.0,33.0,102400.0,0.3475,0.1306,0.0836,0.0947,0.07,0.2736,0.274144267812071,669000.0,1163600.0,2026-05-15T13:56:29.052797
b7d72e81-9964-47fe-945f-209610528985,547fa433-66f2-4c27-be8d-ae8e6677b500,2025-11-01,4825500.0,4609200.0,216300.0,30.0,158900.0,0.4181,0.1365,0.0743,0.1779,0.0484,0.1449,0.04482437053155113,1330800.0,1126500.0,2026-05-15T13:56:29.052797
a63c2a98-cb62-45ba-a57f-42cb34b2c761,547fa433-66f2-4c27-be8d-ae8e6677b500,2025-12-01,4369500.0,4059200.0,310300.0,43.0,96600.0,0.4047,0.2172,0.0678,0.2053,0.0646,0.0403,0.07101499027348666,-550000.0,588300.0,2026-05-15T13:56:29.052797
275955ed-d910-4dc2-9a66-4197ce0106f3,547fa433-66f2-4c27-be8d-ae8e6677b500,2026-01-01,4403300.0,3623400.0,779900.0,36.0,103500.0,0.4431,0.1477,0.0559,0.2058,0.0583,0.0892,0.1771171621284037,-435800.0,435500.0,2026-05-15T13:56:29.052797
3eabfd75-db7f-44b8-866b-7ec7d3aaa223,547fa433-66f2-4c27-be8d-ae8e6677b500,2026-02-01,4530600.0,3437900.0,1092700.0,35.0,101100.0,0.4107,0.1049,0.0592,0.165,0.1387,0.1216,0.2411821833752704,-185500.0,727600.0,2026-05-15T13:56:29.052797
6fdf19fb-4053-4d66-97ef-89a1059c8668,547fa433-66f2-4c27-be8d-ae8e6677b500,2026-03-01,4783400.0,3612100.0,1171300.0,30.0,124600.0,0.3489,0.221,0.0458,0.1703,0.0518,0.162,0.24486766734958398,174200.0,1014600.0,2026-05-15T13:56:29.052797
258162ba-3dc0-4e73-b961-d8f97293e326,547fa433-66f2-4c27-be8d-ae8e6677b500,2026-04-01,4490100.0,3447000.0,1043100.0,35.0,101400.0,0.3662,0.1315,0.1171,0.1597,0.0688,0.1568,0.23231108438564843,-165100.0,1102400.0,2026-05-15T13:56:29.052797
031150d7-4c22-4381-839c-70849b80028d,547fa433-66f2-4c27-be8d-ae8e6677b500,2026-05-01,4558700.0,4060900.0,497800.0,34.0,123100.0,0.3371,0.1999,0.0863,0.2345,0.0667,0.0755,0.1091977976177419,613900.0,904100.0,2026-05-15T13:56:29.052797
525fb985-3b52-4956-8baa-72c52075eec3,5c0f3b4c-f847-433e-8581-6cd4cc365062,2025-06-01,3327700.0,2497700.0,830000.0,27.0,96100.0,0.4205,0.1464,0.1392,0.1922,0.01,0.0917,0.24942152237281004,0.0,830000.0,2026-05-15T13:56:29.052797
b0f362d1-15c2-421c-9f13-041cbaa62ee9,5c0f3b4c-f847-433e-8581-6cd4cc365062,2025-07-01,3475600.0,2611100.0,864500.0,39.0,68700.0,0.3413,0.1619,0.2011,0.1096,0.0689,0.1171,0.2487340315341236,113400.0,847200.0,2026-05-15T13:56:29.052797
f7267da0-2e74-4b96-b484-d3c1dac67fdb,5c0f3b4c-f847-433e-8581-6cd4cc365062,2025-08-01,3335100.0,3397800.0,-62700.0,32.0,109600.0,0.483,0.1322,0.1135,0.1208,0.0605,0.0902,-0.018800035980930108,786700.0,543900.0,2026-05-15T13:56:29.052797
f26410e6-53e0-4301-a67e-040595aa4a24,5c0f3b4c-f847-433e-8581-6cd4cc365062,2025-09-01,4519700.0,2654500.0,1865200.0,38.0,73700.0,0.5289,0.1861,0.01,0.1873,0.0655,0.0222,0.41268225767196937,-743300.0,889000.0,2026-05-15T13:56:29.052797
7c5fbe4c-e02a-4e17-934c-9bb58994bd72,5c0f3b4c-f847-433e-8581-6cd4cc365062,2025-10-01,3349800.0,2962300.0,387500.0,37.0,82300.0,0.3604,0.1661,0.0837,0.203,0.0649,0.122,0.11567854797301332,307800.0,730000.0,2026-05-15T13:56:29.052797
78a52f87-756d-4541-906a-82cbafe79224,5c0f3b4c-f847-433e-8581-6cd4cc365062,2025-11-01,3524500.0,3076800.0,447700.0,27.0,118300.0,0.3727,0.0715,0.1359,0.1582,0.1042,0.1575,0.127025109944673,114500.0,900100.0,2026-05-15T13:56:29.052797
40473eb3-3ef3-46be-b24d-a02974155cf6,5c0f3b4c-f847-433e-8581-6cd4cc365062,2025-12-01,3481400.0,2566000.0,915400.0,30.0,88500.0,0.3145,0.1206,0.1137,0.1953,0.0977,0.1581,0.2629401964726834,-510800.0,583500.0,2026-05-15T13:56:29.052797
5880dd2f-9f22-4da3-8544-bebbbdfc527a,5c0f3b4c-f847-433e-8581-6cd4cc365062,2026-01-01,3305600.0,2498100.0,807500.0,35.0,73500.0,0.3656,0.251,0.1012,0.1522,0.01,0.12,0.2442824298160697,-67900.0,723500.0,2026-05-15T13:56:29.052797
618c04a2-6e81-43c9-97ce-165e3cd4cad1,5c0f3b4c-f847-433e-8581-6cd4cc365062,2026-02-01,3424700.0,2073200.0,1351500.0,28.0,76800.0,0.3323,0.1448,0.2852,0.12,0.0652,0.0524,0.3946331065494788,-424900.0,1024800.0,2026-05-15T13:56:29.052797
608d1fed-6a32-4f8a-875b-cbb73962a002,5c0f3b4c-f847-433e-8581-6cd4cc365062,2026-03-01,4119900.0,3139900.0,980000.0,23.0,149500.0,0.4601,0.1505,0.1373,0.1156,0.0357,0.1008,0.23786985120998083,1066700.0,1046300.0,2026-05-15T13:56:29.052797
2a521339-e156-456d-b9c5-7ded1c250198,5c0f3b4c-f847-433e-8581-6cd4cc365062,2026-04-01,3389900.0,2305400.0,1084500.0,28.0,85400.0,0.2695,0.0934,0.0978,0.158,0.2532,0.1281,0.3199209416206968,-834500.0,1138700.0,2026-05-15T13:56:29.052797
bfe11164-f98a-40f5-94df-87bb615c2d35,5c0f3b4c-f847-433e-8581-6cd4cc365062,2026-05-01,3447000.0,2806400.0,640600.0,40.0,72000.0,0.5368,0.0128,0.069,0.1879,0.01,0.1835,0.1858427618218741,501000.0,901700.0,2026-05-15T13:56:29.052797
bc45c0e5-59a8-40e1-bada-1fdc9db4134f,5dfb98ea-999e-40c5-b107-9f9807844fb0,2025-06-01,4048000.0,3087700.0,960300.0,26.0,123500.0,0.4047,0.1693,0.0586,0.23,0.0729,0.0645,0.23722826086956522,0.0,960300.0,2026-05-15T13:56:29.052797
feae836d-78e4-4a41-a2f3-2af81a8f0119,5dfb98ea-999e-40c5-b107-9f9807844fb0,2025-07-01,3850300.0,2506500.0,1343800.0,36.0,71600.0,0.4366,0.1297,0.1119,0.1066,0.0734,0.1417,0.3490117653169883,-581200.0,1152000.0,2026-05-15T13:56:29.052797
e2c21e72-ca72-4def-bff1-2dd6f7730855,5dfb98ea-999e-40c5-b107-9f9807844fb0,2025-08-01,4049200.0,3562400.0,486800.0,37.0,99000.0,0.4049,0.01,0.01,0.2789,0.0667,0.2295,0.12022127827719056,1055900.0,930300.0,2026-05-15T13:56:29.052797
89f92fb6-d368-4fb7-ba04-d89a8c01a222,5dfb98ea-999e-40c5-b107-9f9807844fb0,2025-09-01,5029000.0,3833600.0,1195400.0,29.0,142000.0,0.3995,0.1948,0.0873,0.1725,0.054,0.0919,0.23770133227281764,271200.0,1008700.0,2026-05-15T13:56:29.052797
1873ea25-6b63-4eb0-ab5e-addfda42ec9b,5dfb98ea-999e-40c5-b107-9f9807844fb0,2025-10-01,5172700.0,3901800.0,1270900.0,43.0,95200.0,0.3613,0.1624,0.1094,0.1816,0.0533,0.132,0.2456937382798152,68200.0,984400.0,2026-05-15T13:56:29.052797
ecd21950-2dd4-46c2-aef4-45d8409555b3,5dfb98ea-999e-40c5-b107-9f9807844fb0,2025-11-01,4209100.0,2243100.0,1966000.0,40.0,57500.0,0.3599,0.0895,0.0925,0.2656,0.0262,0.1664,0.46708322444227984,-1658700.0,1477400.0,2026-05-15T13:56:29.052797
b5fd053d-d8ed-49d8-88c7-d6c440a5db0c,5dfb98ea-999e-40c5-b107-9f9807844fb0,2025-12-01,4217900.0,2665800.0,1552100.0,40.0,68400.0,0.4915,0.1683,0.01,0.1463,0.0269,0.1571,0.3679793262049835,422700.0,1596300.0,2026-05-15T13:56:29.052797
f965f513-544e-4231-bb41-36d03c237950,5dfb98ea-999e-40c5-b107-9f9807844fb0,2026-01-01,4037700.0,3163600.0,874100.0,41.0,79100.0,0.423,0.1196,0.1114,0.1828,0.0907,0.0725,0.21648463234019366,497800.0,1464100.0,2026-05-15T13:56:29.052797
dfc74281-f7fb-4257-9ef5-5060d54779fd,5dfb98ea-999e-40c5-b107-9f9807844fb0,2026-02-01,3937100.0,3130000.0,807100.0,35.0,92100.0,0.4523,0.134,0.0465,0.1881,0.0777,0.1014,0.20499860303268905,-33600.0,1077800.0,2026-05-15T13:56:29.052797
5df7500b-8c75-4302-8ccb-a01548dc41e2,5dfb98ea-999e-40c5-b107-9f9807844fb0,2026-03-01,4559500.0,3928200.0,631300.0,29.0,145500.0,0.2743,0.1633,0.1044,0.1795,0.0955,0.183,0.1384581642723983,798200.0,770800.0,2026-05-15T13:56:29.052797
c54c1c40-f690-43af-b534-481f0c9144e1,5dfb98ea-999e-40c5-b107-9f9807844fb0,2026-04-01,3970000.0,2511800.0,1458200.0,35.0,73900.0,0.2672,0.1723,0.0633,0.3033,0.0564,0.1375,0.36730478589420656,-1416400.0,965500.0,2026-05-15T13:56:29.052797
746652a3-40fd-49a3-8f19-e160d146f968,5dfb98ea-999e-40c5-b107-9f9807844fb0,2026-05-01,4207900.0,3049800.0,1158100.0,24.0,132600.0,0.4057,0.1772,0.0496,0.2009,0.0589,0.1075,0.2752204187361867,538000.0,1082500.0,2026-05-15T13:56:29.052797
2989ad0a-3860-4009-9627-84f38efbf414,6732e5f2-08dd-44fa-98df-aedec94d3043,2025-06-01,7571100.0,5093700.0,2477400.0,26.0,203700.0,0.4308,0.0937,0.1188,0.2066,0.0865,0.0636,0.3272179736101755,0.0,2477400.0,2026-05-15T13:56:29.052797
30dd8136-a7fc-459a-b95d-571bdc5d0cd4,6732e5f2-08dd-44fa-98df-aedec94d3043,2025-07-01,7125900.0,6362200.0,763700.0,31.0,212100.0,0.5054,0.1454,0.0409,0.1311,0.0651,0.1121,0.10717242734251112,1268500.0,1620600.0,2026-05-15T13:56:29.052797
086c9d93-c941-4256-959a-8c29525bf7c4,6732e5f2-08dd-44fa-98df-aedec94d3043,2025-08-01,7231900.0,6368100.0,863800.0,40.0,163300.0,0.488,0.1901,0.01,0.1754,0.0572,0.0793,0.11944302327189259,5900.0,1368300.0,2026-05-15T13:56:29.052797
a4bb6c12-a7b2-43eb-8f90-4c69b3bc3bf0,6732e5f2-08dd-44fa-98df-aedec94d3043,2025-09-01,7099300.0,4028300.0,3071000.0,27.0,154900.0,0.4532,0.1303,0.104,0.1953,0.0798,0.0373,0.43257785978899327,-2339800.0,1566200.0,2026-05-15T13:56:29.052797
f02ede17-ee06-408c-8967-e2a1bf34a33c,6732e5f2-08dd-44fa-98df-aedec94d3043,2025-10-01,7226600.0,4483300.0,2743300.0,42.0,109300.0,0.4261,0.197,0.0779,0.1704,0.01,0.1186,0.37961143552984805,455000.0,2226000.0,2026-05-15T13:56:29.052797
6c28ea65-4f69-4d04-8bd8-eb76b0fd707d,6732e5f2-08dd-44fa-98df-aedec94d3043,2025-11-01,6964900.0,4716600.0,2248300.0,30.0,162600.0,0.3875,0.1328,0.0213,0.1376,0.1128,0.208,0.32280434751396286,233300.0,2687500.0,2026-05-15T13:56:29.052797
0a0195fc-eb50-430a-9b81-4e623a395530,6732e5f2-08dd-44fa-98df-aedec94d3043,2025-12-01,7258600.0,6710500.0,548100.0,37.0,186400.0,0.4832,0.163,0.0295,0.1849,0.0129,0.1265,0.07551042900834871,1993900.0,1846600.0,2026-05-15T13:56:29.052797
dc44682e-e7a7-4b23-b91a-88d271336923,6732e5f2-08dd-44fa-98df-aedec94d3043,2026-01-01,7275600.0,5153000.0,2122600.0,35.0,151600.0,0.3931,0.01,0.0785,0.2476,0.0542,0.2165,0.2917422618065864,-1557500.0,1639700.0,2026-05-15T13:56:29.052797
298afdbc-12cd-4126-ba09-cc524678b7d8,6732e5f2-08dd-44fa-98df-aedec94d3043,2026-02-01,7389400.0,5370500.0,2018900.0,36.0,153400.0,0.4379,0.01,0.118,0.281,0.0791,0.074,0.2732156873359136,217500.0,1563200.0,2026-05-15T13:56:29.052797
3bbd3eeb-ee58-4374-a835-9602eeccd88f,6732e5f2-08dd-44fa-98df-aedec94d3043,2026-03-01,7030300.0,6085100.0,945200.0,32.0,196300.0,0.2771,0.1987,0.1211,0.2124,0.1169,0.0739,0.13444660967526278,714600.0,1695600.0,2026-05-15T13:56:29.052797
72cfba48-f28d-4ae9-a55a-793ca3c0ff51,6732e5f2-08dd-44fa-98df-aedec94d3043,2026-04-01,7284600.0,5587400.0,1697200.0,23.0,254000.0,0.3347,0.237,0.1008,0.1566,0.0791,0.0918,0.23298465255470444,-497700.0,1553800.0,2026-05-15T13:56:29.052797
0954595e-b714-4347-bf1d-79d47815936e,6732e5f2-08dd-44fa-98df-aedec94d3043,2026-05-01,7486700.0,5001200.0,2485500.0,30.0,172500.0,0.449,0.1062,0.0643,0.1504,0.0503,0.1797,0.3319887266753042,-586200.0,1709300.0,2026-05-15T13:56:29.052797
3d3eae8c-745f-4a73-aa0e-fd977ee7cc3f,6d681108-6cfd-4e90-aef6-470047b94796,2025-06-01,3014200.0,2058300.0,955900.0,29.0,73500.0,0.3521,0.1054,0.1248,0.204,0.0803,0.1334,0.31713224072722446,0.0,955900.0,2026-05-15T13:56:29.052797
524fb94f-f08c-4060-8891-a12f11a563f6,6d681108-6cfd-4e90-aef6-470047b94796,2025-07-01,3635200.0,2254100.0,1381100.0,42.0,56400.0,0.5191,0.0446,0.0602,0.1713,0.01,0.1949,0.3799240757042254,195800.0,1168500.0,2026-05-15T13:56:29.052797
22515c3d-f008-4b0e-a24b-d74bb5d974b0,6d681108-6cfd-4e90-aef6-470047b94796,2025-08-01,3438000.0,2705300.0,732700.0,43.0,66000.0,0.3817,0.2146,0.0854,0.1087,0.0639,0.1457,0.21311809191390343,451200.0,1023200.0,2026-05-15T13:56:29.052797
c7cb7ff2-2b58-4e8d-a92e-f83ea0300dfd,6d681108-6cfd-4e90-aef6-470047b94796,2025-09-01,2981500.0,1861600.0,1119900.0,30.0,64200.0,0.3342,0.2444,0.0819,0.1995,0.0505,0.0895,0.37561630051987255,-843700.0,1077900.0,2026-05-15T13:56:29.052797
4b3f8882-4d41-4a02-b392-c4281e8b3e7f,6d681108-6cfd-4e90-aef6-470047b94796,2025-10-01,3274800.0,2223300.0,1051500.0,32.0,74100.0,0.4929,0.1504,0.0656,0.1285,0.0781,0.0846,0.32108831073653354,361700.0,968000.0,2026-05-15T13:56:29.052797
8be276ae-15ca-41b8-b3b2-61a709d2a022,6d681108-6cfd-4e90-aef6-470047b94796,2025-11-01,3016400.0,1916200.0,1100200.0,33.0,59900.0,0.3488,0.1531,0.0539,0.1876,0.0958,0.1609,0.364739424479512,-307100.0,1090500.0,2026-05-15T13:56:29.052797
0e07ad3e-4af6-41f5-ab3f-1694752a3589,6d681108-6cfd-4e90-aef6-470047b94796,2025-12-01,3364100.0,2195700.0,1168400.0,44.0,52300.0,0.2188,0.1534,0.0873,0.2754,0.1257,0.1393,0.34731428911150086,279500.0,1106700.0,2026-05-15T13:56:29.052797
e6c3984a-97ea-4c64-bd27-805e0bf517b8,6d681108-6cfd-4e90-aef6-470047b94796,2026-01-01,2820800.0,2059000.0,761800.0,37.0,57200.0,0.3064,0.3511,0.013,0.1373,0.0625,0.1297,0.27006522972206465,-136700.0,1010100.0,2026-05-15T13:56:29.052797
c9450d87-5b06-43eb-9a86-348e47156968,6d681108-6cfd-4e90-aef6-470047b94796,2026-02-01,2916100.0,1392200.0,1523900.0,39.0,36600.0,0.3243,0.1126,0.0851,0.2533,0.0938,0.1309,0.5225815301258531,-666800.0,1151400.0,2026-05-15T13:56:29.052797
a43b4dd9-5659-4e01-9a88-ba4da81123c0,6d681108-6cfd-4e90-aef6-470047b94796,2026-03-01,2926200.0,2521600.0,404600.0,30.0,87000.0,0.4751,0.0389,0.0201,0.2078,0.081,0.1772,0.13826806096644112,1129400.0,896800.0,2026-05-15T13:56:29.052797
ecd0555a-1adc-42b5-9c3d-4b1e69153cc1,6d681108-6cfd-4e90-aef6-470047b94796,2026-04-01,2942600.0,2104300.0,838300.0,29.0,75200.0,0.3377,0.1781,0.0432,0.2004,0.1044,0.1362,0.2848841160878135,-417300.0,922300.0,2026-05-15T13:56:29.052797
e983d7db-d5a0-445e-9602-daaa439c450a,6d681108-6cfd-4e90-aef6-470047b94796,2026-05-01,2787800.0,2051300.0,736500.0,33.0,64100.0,0.4225,0.22,0.0507,0.2057,0.045,0.0561,0.26418681397517757,-53000.0,659800.0,2026-05-15T13:56:29.052797
a52444cd-3b35-43d8-a7c1-380451a4f115,82e08baf-f1bc-4826-b637-3befb0b2634d,2025-06-01,5364900.0,3605000.0,1759900.0,38.0,97400.0,0.3359,0.1707,0.0462,0.2271,0.0781,0.1419,0.3280396652314116,0.0,1759900.0,2026-05-15T13:56:29.052797
2fe5a089-4640-48e9-b7d7-9b8cdf86ac06,82e08baf-f1bc-4826-b637-3befb0b2634d,2025-07-01,5373400.0,3671500.0,1701900.0,27.0,141200.0,0.2588,0.139,0.2132,0.1994,0.0271,0.1625,0.31672683961737447,66500.0,1730900.0,2026-05-15T13:56:29.052797
d7d1f678-ecc8-4ee3-ae53-54185646dd30,82e08baf-f1bc-4826-b637-3befb0b2634d,2025-08-01,6706100.0,5517300.0,1188800.0,32.0,183900.0,0.4669,0.0778,0.1238,0.19,0.01,0.1315,0.17727143943573762,1845800.0,1550200.0,2026-05-15T13:56:29.052797
0b8bd28a-d6ec-47ee-a854-123aef8c49b9,82e08baf-f1bc-4826-b637-3befb0b2634d,2025-09-01,5226500.0,5214200.0,12300.0,35.0,153400.0,0.3654,0.1558,0.0642,0.2364,0.0398,0.1384,0.0023533913708983067,-303100.0,967700.0,2026-05-15T13:56:29.052797
fcd322dc-6a01-4c37-b141-f32a8f53a3c6,82e08baf-f1bc-4826-b637-3befb0b2634d,2025-10-01,5122100.0,4177100.0,945000.0,35.0,122900.0,0.4955,0.1052,0.0672,0.1959,0.0992,0.0371,0.18449464086995568,-1037100.0,715400.0,2026-05-15T13:56:29.052797
b8a6ae1f-f4f9-4c0d-846e-bbc83e3c887c,82e08baf-f1bc-4826-b637-3befb0b2634d,2025-11-01,5297600.0,4535800.0,761800.0,31.0,151200.0,0.389,0.1262,0.1334,0.1168,0.1016,0.1329,0.14380096647538507,358700.0,573000.0,2026-05-15T13:56:29.052797
2ac2ef13-a642-40c2-88fb-40c1d39eb36a,82e08baf-f1bc-4826-b637-3befb0b2634d,2025-12-01,5105000.0,4914600.0,190400.0,31.0,163800.0,0.382,0.1174,0.0671,0.2057,0.0773,0.1506,0.037296767874632715,378800.0,632400.0,2026-05-15T13:56:29.052797
6637c465-3e30-48c6-80c2-ceaf36b841d7,82e08baf-f1bc-4826-b637-3befb0b2634d,2026-01-01,5320400.0,3288300.0,2032100.0,39.0,86500.0,0.4117,0.1844,0.0675,0.1195,0.0624,0.1545,0.3819449665438689,-1626300.0,994800.0,2026-05-15T13:56:29.052797
0f35df3f-a609-4b82-8e7b-b618d3d203d8,82e08baf-f1bc-4826-b637-3befb0b2634d,2026-02-01,5049500.0,3135500.0,1914000.0,40.0,80400.0,0.376,0.1475,0.0443,0.2042,0.0925,0.1355,0.3790474304386573,-152800.0,1378800.0,2026-05-15T13:56:29.052797
75a798d6-973f-4a8d-af26-156b7f83023c,82e08baf-f1bc-4826-b637-3befb0b2634d,2026-03-01,5760900.0,3051900.0,2709000.0,31.0,105200.0,0.5531,0.1594,0.0911,0.0294,0.0418,0.1251,0.47023902515231997,-83600.0,2218400.0,2026-05-15T13:56:29.052797
c14ce5b6-816a-4745-b786-d9a978c1db80,82e08baf-f1bc-4826-b637-3befb0b2634d,2026-04-01,5000300.0,4235500.0,764800.0,32.0,136600.0,0.3213,0.1159,0.132,0.2474,0.0662,0.1173,0.15295082295062296,1183600.0,1795900.0,2026-05-15T13:56:29.052797
ef03876e-3f5c-4134-95b8-43475ceb3184,82e08baf-f1bc-4826-b637-3befb0b2634d,2026-05-01,5413500.0,3553400.0,1860100.0,37.0,98700.0,0.244,0.1553,0.0444,0.2527,0.1555,0.1481,0.3436039530802623,-682100.0,1778000.0,2026-05-15T13:56:29.052797
f2bcf74a-2691-41f0-903d-828b7a113f46,89369c31-c359-46ec-a5f9-c520b00498b5,2025-06-01,4900600.0,4219100.0,681500.0,40.0,108200.0,0.4328,0.1324,0.0397,0.201,0.0305,0.1636,0.13906460433416315,0.0,681500.0,2026-05-15T13:56:29.052797
35769c5a-9b5e-4ab2-81b0-3ec426ebe238,89369c31-c359-46ec-a5f9-c520b00498b5,2025-07-01,4795000.0,3649000.0,1146000.0,32.0,117700.0,0.4237,0.1027,0.132,0.1596,0.0336,0.1486,0.23899895724713244,-570100.0,913800.0,2026-05-15T13:56:29.052797
0c98f956-22f1-4bac-b590-ffa7ffe2edf9,89369c31-c359-46ec-a5f9-c520b00498b5,2025-08-01,4802700.0,4037400.0,765300.0,36.0,115400.0,0.472,0.1583,0.0941,0.1935,0.0721,0.01,0.15934786682491098,388400.0,864300.0,2026-05-15T13:56:29.052797
5f9dfda3-a8cb-4ec8-91f7-69413da685a4,89369c31-c359-46ec-a5f9-c520b00498b5,2025-09-01,5955200.0,4588600.0,1366600.0,45.0,106700.0,0.4117,0.1142,0.0909,0.1639,0.099,0.1202,0.22948011821601288,551200.0,1092600.0,2026-05-15T13:56:29.052797
2074a2e5-9924-40cd-b11e-7b37d1b3a9f6,89369c31-c359-46ec-a5f9-c520b00498b5,2025-10-01,5011300.0,4641700.0,369600.0,32.0,149700.0,0.4328,0.1951,0.0557,0.1496,0.01,0.1568,0.07375331750244447,53100.0,833800.0,2026-05-15T13:56:29.052797
53ff7a83-6d03-4dda-944c-2eb5652ea79c,89369c31-c359-46ec-a5f9-c520b00498b5,2025-11-01,5053700.0,2931000.0,2122700.0,40.0,75200.0,0.328,0.2349,0.0582,0.1616,0.082,0.1354,0.42002888972436037,-1710700.0,1286300.0,2026-05-15T13:56:29.052797
534e7a75-d447-40f2-86de-9fb52a04cdc5,89369c31-c359-46ec-a5f9-c520b00498b5,2025-12-01,4920900.0,3892900.0,1028000.0,32.0,125600.0,0.5106,0.0783,0.0918,0.1607,0.0818,0.0767,0.2089048751244691,961900.0,1173400.0,2026-05-15T13:56:29.052797
ebb290af-5637-41a2-92b2-5599fb0f3f69,89369c31-c359-46ec-a5f9-c520b00498b5,2026-01-01,4933800.0,3652300.0,1281500.0,29.0,130400.0,0.2647,0.142,0.209,0.2004,0.0432,0.1408,0.25973894361344196,-240600.0,1477400.0,2026-05-15T13:56:29.052797
b6148cbf-8a3b-4fe9-a849-17026c1164bd,89369c31-c359-46ec-a5f9-c520b00498b5,2026-02-01,5085000.0,3284900.0,1800100.0,35.0,96600.0,0.3817,0.1963,0.103,0.1452,0.1107,0.0631,0.35400196656833827,-367400.0,1369900.0,2026-05-15T13:56:29.052797
2dfafa95-cd5c-46f4-bcfd-c28f0ed41d7e,89369c31-c359-46ec-a5f9-c520b00498b5,2026-03-01,5015600.0,3473600.0,1542000.0,32.0,112100.0,0.4478,0.2174,0.1126,0.1056,0.049,0.0677,0.3074407847515751,188700.0,1541200.0,2026-05-15T13:56:29.052797
fd039a07-edaf-4b07-b3ce-8d11bad48c3f,89369c31-c359-46ec-a5f9-c520b00498b5,2026-04-01,4762000.0,3673800.0,1088200.0,42.0,89600.0,0.2882,0.2157,0.0769,0.2023,0.0793,0.1375,0.22851742965140698,200200.0,1476800.0,2026-05-15T13:56:29.052797
e72d1008-6388-4eb4-86b6-023c24dac90f,89369c31-c359-46ec-a5f9-c520b00498b5,2026-05-01,5026000.0,3718900.0,1307100.0,34.0,112700.0,0.434,0.1122,0.0692,0.1453,0.0213,0.2179,0.26006764822920814,45100.0,1312400.0,2026-05-15T13:56:29.052797
84916bfb-3b86-4203-af5c-5007f40b2207,8bcc209f-785e-42d9-8a55-ad309af69514,2025-06-01,6308200.0,4657400.0,1650800.0,40.0,119400.0,0.3622,0.1362,0.0917,0.2452,0.0149,0.1498,0.2616911321771662,0.0,1650800.0,2026-05-15T13:56:29.052797
e0831af7-2647-407d-a201-a424b7760f30,8bcc209f-785e-42d9-8a55-ad309af69514,2025-07-01,5860600.0,4984900.0,875700.0,25.0,207700.0,0.3295,0.1568,0.0853,0.3158,0.0677,0.045,0.14942156093232775,327500.0,1263200.0,2026-05-15T13:56:29.052797
d4f1f6a7-c210-46a2-a032-a2fb6dbb72e5,8bcc209f-785e-42d9-8a55-ad309af69514,2025-08-01,5798000.0,3890200.0,1907800.0,42.0,94900.0,0.4329,0.1966,0.0584,0.206,0.01,0.0961,0.32904449810279407,-1094700.0,1478100.0,2026-05-15T13:56:29.052797
f957409f-b253-4fd7-a340-d1e90e2ffbb2,8bcc209f-785e-42d9-8a55-ad309af69514,2025-09-01,5790200.0,4174000.0,1616200.0,23.0,189700.0,0.4999,0.1262,0.057,0.1702,0.0599,0.0868,0.2791268004559428,283800.0,1466600.0,2026-05-15T13:56:29.052797
75d860a6-3615-4320-ac58-539128f73431,8bcc209f-785e-42d9-8a55-ad309af69514,2025-10-01,6283500.0,5468500.0,815000.0,33.0,170900.0,0.3838,0.1907,0.0997,0.1969,0.0743,0.0546,0.12970478236651548,1294500.0,1446300.0,2026-05-15T13:56:29.052797
f9d7536b-00d6-4da9-b4a3-2be90d9e8248,8bcc209f-785e-42d9-8a55-ad309af69514,2025-11-01,6302400.0,4645900.0,1656500.0,43.0,110600.0,0.3699,0.1257,0.1161,0.1569,0.0307,0.2007,0.26283637979182534,-822600.0,1362600.0,2026-05-15T13:56:29.052797
dac539a0-a501-4093-80b3-322b6ce79864,8bcc209f-785e-42d9-8a55-ad309af69514,2025-12-01,6177200.0,3904600.0,2272600.0,28.0,144600.0,0.3201,0.1906,0.083,0.1951,0.0486,0.1626,0.3679013145114291,-741300.0,1581400.0,2026-05-15T13:56:29.052797
bd7e2de1-b772-4dae-90e7-a9d2ca4beafd,8bcc209f-785e-42d9-8a55-ad309af69514,2026-01-01,6227100.0,5410300.0,816800.0,44.0,125800.0,0.395,0.1222,0.0612,0.2965,0.0891,0.0359,0.13116860175683706,1505700.0,1582000.0,2026-05-15T13:56:29.052797
00097131-6b58-4921-ba99-fc02660fb91a,8bcc209f-785e-42d9-8a55-ad309af69514,2026-02-01,7840600.0,5777000.0,2063600.0,40.0,152000.0,0.3731,0.2342,0.0685,0.0983,0.0946,0.1313,0.2631941433053593,366700.0,1717700.0,2026-05-15T13:56:29.052797
b3a2e1d2-40cb-4389-8995-153bf8959f26,8bcc209f-785e-42d9-8a55-ad309af69514,2026-03-01,7345100.0,5095700.0,2249400.0,31.0,175700.0,0.2436,0.1683,0.0591,0.2391,0.0894,0.2005,0.3062449796462948,-681300.0,1709900.0,2026-05-15T13:56:29.052797
5860546b-87af-4a00-abc4-4eed7f884ee7,8bcc209f-785e-42d9-8a55-ad309af69514,2026-04-01,8055300.0,5953600.0,2101700.0,31.0,205300.0,0.4111,0.1805,0.0462,0.2186,0.0375,0.106,0.2609089667672216,857900.0,2138200.0,2026-05-15T13:56:29.052797
40acac46-3545-4184-9304-f80a36db4248,8bcc209f-785e-42d9-8a55-ad309af69514,2026-05-01,5837000.0,3168000.0,2669000.0,33.0,99000.0,0.3506,0.0802,0.0872,0.1311,0.0817,0.2691,0.4572554394380675,-2785600.0,2340000.0,2026-05-15T13:56:29.052797
7f0029b6-1600-4d29-a42a-1c195705aa1d,8dd5ae3c-8d47-4f04-a432-61d8a42b6912,2025-06-01,4418500.0,2878100.0,1540400.0,29.0,102800.0,0.3466,0.1364,0.2328,0.1066,0.089,0.0887,0.348625099015503,0.0,1540400.0,2026-05-15T13:56:29.052797
24c73d50-8f49-48fe-aeda-f961d9d83d48,8dd5ae3c-8d47-4f04-a432-61d8a42b6912,2025-07-01,4314400.0,2885800.0,1428600.0,35.0,84900.0,0.4534,0.1611,0.0707,0.1125,0.0476,0.1548,0.3311236788429446,7700.0,1484500.0,2026-05-15T13:56:29.052797
4058b6cf-003e-4921-800e-90d1fa878c3e,8dd5ae3c-8d47-4f04-a432-61d8a42b6912,2025-08-01,4465300.0,4402600.0,62700.0,33.0,137600.0,0.4636,0.0766,0.0719,0.0813,0.0922,0.2144,0.014041609746265648,1516800.0,1010600.0,2026-05-15T13:56:29.052797
2d6a85a2-f702-4baa-9216-03e58c827247,8dd5ae3c-8d47-4f04-a432-61d8a42b6912,2025-09-01,4054300.0,2201300.0,1853000.0,33.0,68800.0,0.4138,0.1057,0.0643,0.217,0.0559,0.1434,0.4570456058999087,-2201300.0,1114800.0,2026-05-15T13:56:29.052797
5dc52ecf-fb67-4861-9b97-6019c6ae499b,8dd5ae3c-8d47-4f04-a432-61d8a42b6912,2025-10-01,4241400.0,4540900.0,-299500.0,26.0,181600.0,0.3613,0.1722,0.0902,0.2073,0.0903,0.0787,-0.07061347668222756,2339600.0,538700.0,2026-05-15T13:56:29.052797
8d1818e3-c7ba-4bcf-ad80-ddc0a2d58b27,8dd5ae3c-8d47-4f04-a432-61d8a42b6912,2025-11-01,4715300.0,3201500.0,1513800.0,37.0,91500.0,0.3731,0.2155,0.1253,0.1151,0.0264,0.1446,0.32104001866265136,-1339400.0,1022400.0,2026-05-15T13:56:29.052797
7bf3c26d-02b8-4605-a67a-84ce6f23e60e,8dd5ae3c-8d47-4f04-a432-61d8a42b6912,2025-12-01,4423600.0,3575000.0,848600.0,30.0,123300.0,0.4653,0.1435,0.0748,0.1869,0.0959,0.0337,0.1918347047653495,373500.0,687600.0,2026-05-15T13:56:29.052797
404778e3-e63b-4121-823c-de5ff5809d5d,8dd5ae3c-8d47-4f04-a432-61d8a42b6912,2026-01-01,5541500.0,5405300.0,136200.0,33.0,174400.0,0.3356,0.3177,0.065,0.1545,0.0693,0.058,0.0245781828024903,1830300.0,832900.0,2026-05-15T13:56:29.052797
56abf32b-09de-4281-b8c4-abffaedbe239,8dd5ae3c-8d47-4f04-a432-61d8a42b6912,2026-02-01,4354800.0,4030000.0,324800.0,32.0,130000.0,0.3152,0.1809,0.0732,0.1142,0.0731,0.2434,0.07458436667585193,-1375300.0,436500.0,2026-05-15T13:56:29.052797
02953100-09ae-48bc-a4d4-ff1f6179fd67,8dd5ae3c-8d47-4f04-a432-61d8a42b6912,2026-03-01,4333900.0,2449400.0,1884500.0,37.0,68000.0,0.3888,0.1173,0.0399,0.1976,0.0841,0.1723,0.4348277532938,-1580600.0,781800.0,2026-05-15T13:56:29.052797
653166fb-1c28-4b99-9dff-5333a8e1ed85,8dd5ae3c-8d47-4f04-a432-61d8a42b6912,2026-04-01,4374800.0,2879300.0,1495500.0,31.0,96000.0,0.4079,0.1246,0.0244,0.2396,0.049,0.1545,0.34184419859193566,429900.0,1234900.0,2026-05-15T13:56:29.052797
bc3907ef-3f56-4699-b2cd-56a3f201ade7,8dd5ae3c-8d47-4f04-a432-61d8a42b6912,2026-05-01,5447400.0,5802500.0,-355100.0,35.0,175800.0,0.3207,0.0725,0.246,0.1405,0.049,0.1713,-0.06518706171751662,2923200.0,1008300.0,2026-05-15T13:56:29.052797
36e2141f-606e-463f-bb2f-1b07969680c1,911f23aa-5fa4-4b1a-9f02-4d1c9c9fe626,2025-06-01,3608900.0,2586900.0,1022000.0,40.0,66300.0,0.3355,0.2397,0.0494,0.1699,0.1404,0.065,0.28318878328576574,0.0,1022000.0,2026-05-15T13:56:29.052797
2f5e3b94-9c48-4b33-867a-bbc1eb2f2337,911f23aa-5fa4-4b1a-9f02-4d1c9c9fe626,2025-07-01,3645300.0,3264200.0,381100.0,27.0,125500.0,0.3743,0.2099,0.1124,0.1593,0.01,0.1341,0.10454557923902011,677300.0,701600.0,2026-05-15T13:56:29.052797
0bb4f7e8-652b-4c0f-9e73-6f9379cac805,911f23aa-5fa4-4b1a-9f02-4d1c9c9fe626,2025-08-01,3799800.0,2504000.0,1295800.0,28.0,92700.0,0.3106,0.0887,0.1031,0.1082,0.047,0.3425,0.3410179483130691,-760200.0,899600.0,2026-05-15T13:56:29.052797
9fe44f52-2e76-4e53-be2b-96a3ac4ae27c,911f23aa-5fa4-4b1a-9f02-4d1c9c9fe626,2025-09-01,3931300.0,2663900.0,1267400.0,26.0,106600.0,0.4131,0.1671,0.1142,0.1345,0.0423,0.1288,0.32238699666776893,159900.0,981400.0,2026-05-15T13:56:29.052797
d3f66c0e-0ba8-4d0a-a2ae-29ed588d4a56,911f23aa-5fa4-4b1a-9f02-4d1c9c9fe626,2025-10-01,3686400.0,2382200.0,1304200.0,34.0,72200.0,0.2678,0.1332,0.0882,0.2995,0.096,0.1153,0.3537868923611111,-281700.0,1289100.0,2026-05-15T13:56:29.052797
da808945-107b-4545-90a0-84e6ee5ce99c,911f23aa-5fa4-4b1a-9f02-4d1c9c9fe626,2025-11-01,4980200.0,3376300.0,1603900.0,37.0,96500.0,0.4806,0.115,0.0357,0.1943,0.0544,0.12,0.3220553391430063,994100.0,1391800.0,2026-05-15T13:56:29.052797
cf4ba40f-c3ff-4bf1-8f93-35687ae3b62e,911f23aa-5fa4-4b1a-9f02-4d1c9c9fe626,2025-12-01,3614900.0,1695000.0,1919900.0,32.0,54700.0,0.3494,0.1751,0.0687,0.1602,0.1077,0.1388,0.5311073611994799,-1681300.0,1609300.0,2026-05-15T13:56:29.052797
3df81c94-4aff-4f31-8ae0-8a79390abef7,911f23aa-5fa4-4b1a-9f02-4d1c9c9fe626,2026-01-01,3883700.0,3216200.0,667500.0,39.0,84600.0,0.3394,0.1519,0.01,0.2664,0.0854,0.1469,0.1718721837423076,1521200.0,1397100.0,2026-05-15T13:56:29.052797
39ca9fbe-aaaf-4be2-ad0f-49822dea736b,911f23aa-5fa4-4b1a-9f02-4d1c9c9fe626,2026-02-01,3880900.0,3282700.0,598200.0,33.0,102600.0,0.4143,0.1668,0.0896,0.2034,0.044,0.082,0.15413950372336313,66500.0,1061900.0,2026-05-15T13:56:29.052797
3a934c3b-f2d7-4960-a209-914e98e1855b,911f23aa-5fa4-4b1a-9f02-4d1c9c9fe626,2026-03-01,3758600.0,2802600.0,956000.0,41.0,70100.0,0.4199,0.1373,0.0739,0.1041,0.0501,0.2148,0.25435002394508593,-480100.0,740600.0,2026-05-15T13:56:29.052797
0157cc26-15b1-48ff-890a-74b9e0f6b05f,911f23aa-5fa4-4b1a-9f02-4d1c9c9fe626,2026-04-01,3827600.0,2429700.0,1397900.0,38.0,65700.0,0.3754,0.0947,0.0467,0.2072,0.0772,0.1987,0.3652158010241405,-372900.0,984000.0,2026-05-15T13:56:29.052797
9019ac53-962f-41fd-a898-a6fdd9a3e8f8,911f23aa-5fa4-4b1a-9f02-4d1c9c9fe626,2026-05-01,3856800.0,2480200.0,1376600.0,29.0,88600.0,0.4604,0.1617,0.0333,0.1798,0.0563,0.1084,0.35692802323169465,50500.0,1243500.0,2026-05-15T13:56:29.052797
d247dc9a-4e90-47f1-bab1-8e83c2c92a6a,a9724b28-4ab6-46aa-9987-a80bef17a090,2025-06-01,4412200.0,3802900.0,609300.0,35.0,111800.0,0.4354,0.1346,0.053,0.2563,0.0371,0.0836,0.13809437468836408,0.0,609300.0,2026-05-15T13:56:29.052797
e912898e-c509-4c7a-8a4a-cda9b3099d6b,a9724b28-4ab6-46aa-9987-a80bef17a090,2025-07-01,4353500.0,3206900.0,1146600.0,31.0,106900.0,0.2894,0.1105,0.1409,0.2607,0.0389,0.1596,0.26337429654301137,-596000.0,878000.0,2026-05-15T13:56:29.052797
24a58d29-c56f-4f19-9a36-852191e6bbf2,a9724b28-4ab6-46aa-9987-a80bef17a090,2025-08-01,4689800.0,3867700.0,822100.0,39.0,104500.0,0.27,0.1968,0.1306,0.2261,0.0354,0.141,0.17529532176212206,660800.0,859300.0,2026-05-15T13:56:29.052797
147f3a88-d831-4817-a3b2-027d175004bc,a9724b28-4ab6-46aa-9987-a80bef17a090,2025-09-01,4210600.0,2698800.0,1511800.0,36.0,77100.0,0.4366,0.0363,0.0612,0.2408,0.1213,0.1038,0.3590462166912079,-1168900.0,1160200.0,2026-05-15T13:56:29.052797
8b123219-5096-424e-b60e-6163fcad1b69,a9724b28-4ab6-46aa-9987-a80bef17a090,2025-10-01,4515900.0,2762700.0,1753200.0,36.0,78900.0,0.4232,0.1323,0.1509,0.0427,0.117,0.1339,0.3882282601474789,63900.0,1362400.0,2026-05-15T13:56:29.052797
2fe6fb3c-075d-4c02-a819-2d17d5b85210,a9724b28-4ab6-46aa-9987-a80bef17a090,2025-11-01,4500800.0,3106700.0,1394100.0,30.0,107100.0,0.4448,0.1737,0.0765,0.1445,0.0764,0.0842,0.30974493423391397,344000.0,1553000.0,2026-05-15T13:56:29.052797
e6f7ffda-6e97-47b5-9a23-874c19c19c2e,a9724b28-4ab6-46aa-9987-a80bef17a090,2025-12-01,4329600.0,3729600.0,600000.0,39.0,98100.0,0.4351,0.0451,0.0873,0.1503,0.0939,0.1883,0.1385809312638581,622900.0,1249100.0,2026-05-15T13:56:29.052797
e7316c80-ca50-4176-a24e-e883ac6cff05,a9724b28-4ab6-46aa-9987-a80bef17a090,2026-01-01,4255400.0,3021700.0,1233700.0,34.0,91600.0,0.3695,0.1052,0.0458,0.2959,0.0407,0.1429,0.28991399163415893,-707900.0,1075900.0,2026-05-15T13:56:29.052797
76566a70-762b-4317-8f28-5554b93ede93,a9724b28-4ab6-46aa-9987-a80bef17a090,2026-02-01,5327000.0,3548400.0,1778600.0,31.0,122400.0,0.4071,0.1942,0.0707,0.2253,0.0541,0.0486,0.33388398723484136,526700.0,1204100.0,2026-05-15T13:56:29.052797
7099d905-1ebd-499b-9950-d66c95a189ed,a9724b28-4ab6-46aa-9987-a80bef17a090,2026-03-01,4572200.0,3024700.0,1547500.0,40.0,77600.0,0.4475,0.1697,0.01,0.2285,0.0442,0.1002,0.33845851012641615,-523700.0,1519900.0,2026-05-15T13:56:29.052797
ef1846ec-1275-40af-85ce-f4c19b743c09,a9724b28-4ab6-46aa-9987-a80bef17a090,2026-04-01,4361500.0,2830500.0,1531000.0,34.0,85800.0,0.3747,0.1543,0.0604,0.2408,0.01,0.1599,0.3510260231571707,-194200.0,1619000.0,2026-05-15T13:56:29.052797
a23fc548-ddd9-4996-a3ba-203f3c1e2f89,a9724b28-4ab6-46aa-9987-a80bef17a090,2026-05-01,4483600.0,3595100.0,888500.0,33.0,112300.0,0.5097,0.1392,0.0699,0.1428,0.055,0.0834,0.1981666517976626,764600.0,1322300.0,2026-05-15T13:56:29.052797
7f20ac7e-b33d-4a39-936d-3711beddf00a,b64bef26-8d23-42c5-958c-2e6f256d7a2e,2025-06-01,2270400.0,1806600.0,463800.0,28.0,66900.0,0.3597,0.1004,0.0995,0.221,0.0435,0.1759,0.20428118393234673,0.0,463800.0,2026-05-15T13:56:29.052797
c7851496-9870-4f8d-8a18-2031044e85bc,b64bef26-8d23-42c5-958c-2e6f256d7a2e,2025-07-01,2254100.0,1626700.0,627400.0,36.0,46500.0,0.401,0.1506,0.0822,0.1067,0.0768,0.1826,0.2783372521183621,-179900.0,545600.0,2026-05-15T13:56:29.052797
4f00d925-ea51-48e8-a6ca-daabf0414387,b64bef26-8d23-42c5-958c-2e6f256d7a2e,2025-08-01,2499200.0,1847400.0,651800.0,28.0,71100.0,0.4246,0.1741,0.072,0.2379,0.01,0.0814,0.260803457106274,220700.0,581000.0,2026-05-15T13:56:29.052797
d5c07a6d-d1ac-4953-8bdb-9a34e4a5291e,b64bef26-8d23-42c5-958c-2e6f256d7a2e,2025-09-01,2262700.0,1593700.0,669000.0,31.0,53100.0,0.556,0.1041,0.1059,0.0715,0.0781,0.0844,0.295664471648915,-253700.0,649400.0,2026-05-15T13:56:29.052797
923295f2-bc55-4253-b414-31bb81c26f20,b64bef26-8d23-42c5-958c-2e6f256d7a2e,2025-10-01,2084600.0,1569300.0,515300.0,34.0,47600.0,0.3357,0.197,0.0705,0.1304,0.1292,0.1373,0.2471937062266142,-24400.0,612000.0,2026-05-15T13:56:29.052797
af1d9da8-f9a4-4b2c-89fd-fdd0e64a465f,b64bef26-8d23-42c5-958c-2e6f256d7a2e,2025-11-01,2271100.0,1400400.0,870700.0,33.0,43800.0,0.4598,0.0368,0.1008,0.1638,0.1017,0.1371,0.3833825018713399,-168900.0,685000.0,2026-05-15T13:56:29.052797
da2fadeb-e103-4b81-a8ed-bb3955e8d614,b64bef26-8d23-42c5-958c-2e6f256d7a2e,2025-12-01,2167700.0,1582100.0,585600.0,28.0,58600.0,0.5124,0.0851,0.0423,0.1789,0.01,0.1714,0.270148083221848,181700.0,657200.0,2026-05-15T13:56:29.052797
5dd57b89-e406-4039-8df9-57fc8671ab33,b64bef26-8d23-42c5-958c-2e6f256d7a2e,2026-01-01,2741700.0,1853100.0,888600.0,35.0,56200.0,0.3945,0.1751,0.143,0.0822,0.0949,0.1103,0.3241054820002188,271000.0,781600.0,2026-05-15T13:56:29.052797
384a7564-a588-45b9-85d1-a2c5e53ba9b8,b64bef26-8d23-42c5-958c-2e6f256d7a2e,2026-02-01,2226900.0,1753800.0,473100.0,37.0,48700.0,0.3009,0.3516,0.0525,0.1538,0.0343,0.1069,0.2124477973865014,-99300.0,649100.0,2026-05-15T13:56:29.052797
503eedb9-d67d-47d4-8d1f-c3d0052cb6ed,b64bef26-8d23-42c5-958c-2e6f256d7a2e,2026-03-01,2086600.0,1100000.0,986600.0,37.0,30600.0,0.3426,0.1476,0.1106,0.2979,0.017,0.0842,0.47282660787884595,-653800.0,782800.0,2026-05-15T13:56:29.052797
5c5a60b1-ad6c-479b-9db1-041cccce40bd,b64bef26-8d23-42c5-958c-2e6f256d7a2e,2026-04-01,2279300.0,2033500.0,245800.0,33.0,63500.0,0.4699,0.1118,0.0461,0.1615,0.1291,0.0816,0.10784012635458255,933500.0,568500.0,2026-05-15T13:56:29.052797
b7a62eb3-f39b-4f58-a553-3215dab3fd6e,b64bef26-8d23-42c5-958c-2e6f256d7a2e,2026-05-01,2241200.0,1652700.0,588500.0,36.0,47200.0,0.4446,0.1611,0.0473,0.1694,0.0799,0.0977,0.26258254506514367,-380800.0,607000.0,2026-05-15T13:56:29.052797
ae2922e7-e95d-4294-9345-0b25b9b06b32,b7396b2a-8199-4b18-9205-8565fd46ab7d,2025-06-01,4804800.0,3504200.0,1300600.0,33.0,109500.0,0.4296,0.1673,0.01,0.2038,0.0542,0.1351,0.2706876456876457,0.0,1300600.0,2026-05-15T13:56:29.052797
06403c6f-a952-4b4c-8d3f-f826fb5235cb,b7396b2a-8199-4b18-9205-8565fd46ab7d,2025-07-01,5592200.0,4184900.0,1407300.0,40.0,110100.0,0.3996,0.1602,0.1078,0.1529,0.0255,0.1541,0.2516540896248346,680700.0,1354000.0,2026-05-15T13:56:29.052797
db161c5c-1377-4817-9b74-4bde481e7c14,b7396b2a-8199-4b18-9205-8565fd46ab7d,2025-08-01,4829400.0,3455700.0,1373700.0,34.0,104700.0,0.4394,0.1598,0.0951,0.1928,0.0244,0.0885,0.28444527270468384,-729200.0,1360500.0,2026-05-15T13:56:29.052797
9093dbd3-5fe0-4487-a58c-341f93b1777b,b7396b2a-8199-4b18-9205-8565fd46ab7d,2025-09-01,4636500.0,3176100.0,1460400.0,30.0,109500.0,0.3653,0.0989,0.0966,0.1781,0.0844,0.1767,0.31497897120672924,-279600.0,1413800.0,2026-05-15T13:56:29.052797
c9d1ce7d-4116-487b-a8c3-9448f92a76cd,b7396b2a-8199-4b18-9205-8565fd46ab7d,2025-10-01,5402200.0,4234500.0,1167700.0,33.0,136600.0,0.4164,0.2003,0.0732,0.1144,0.0344,0.1613,0.21615267853837325,1058400.0,1333900.0,2026-05-15T13:56:29.052797
2cd2bf54-da14-476b-94bc-4d05560255fa,b7396b2a-8199-4b18-9205-8565fd46ab7d,2025-11-01,4831800.0,3472000.0,1359800.0,34.0,105200.0,0.5362,0.031,0.0598,0.1561,0.0735,0.1433,0.28142721139119997,-762500.0,1329300.0,2026-05-15T13:56:29.052797
babe64d1-32ce-48ec-ac4c-c4d035835501,b7396b2a-8199-4b18-9205-8565fd46ab7d,2025-12-01,4689600.0,5012300.0,-322700.0,39.0,131900.0,0.4256,0.1084,0.0874,0.114,0.1312,0.1334,-0.06881183896281133,1540300.0,734900.0,2026-05-15T13:56:29.052797
570648cf-65f0-43f5-a11d-b3023a38a38a,b7396b2a-8199-4b18-9205-8565fd46ab7d,2026-01-01,4700700.0,4924500.0,-223800.0,36.0,140700.0,0.3961,0.1746,0.0878,0.1702,0.01,0.1614,-0.047609930435892525,-87800.0,271100.0,2026-05-15T13:56:29.052797
a848792e-104e-48ee-9a9a-387300682cb0,b7396b2a-8199-4b18-9205-8565fd46ab7d,2026-02-01,4924800.0,3576400.0,1348400.0,29.0,127700.0,0.4646,0.2375,0.01,0.078,0.0912,0.1188,0.2737979207277453,-1348100.0,267300.0,2026-05-15T13:56:29.052797
17b04fa6-3587-4126-8d60-bf1a77dbbc90,b7396b2a-8199-4b18-9205-8565fd46ab7d,2026-03-01,4504300.0,3622700.0,881600.0,38.0,97900.0,0.3744,0.1664,0.0785,0.1916,0.0611,0.1279,0.19572408587349865,46300.0,668700.0,2026-05-15T13:56:29.052797
940a76f8-ba42-4fdd-a829-e618477e46cf,b7396b2a-8199-4b18-9205-8565fd46ab7d,2026-04-01,4766900.0,3227900.0,1539000.0,28.0,119600.0,0.4317,0.2306,0.1009,0.0583,0.0642,0.1143,0.3228513289559252,-394800.0,1256300.0,2026-05-15T13:56:29.052797
edef1118-7bbb-4c2e-a2c5-d827d8a159aa,b7396b2a-8199-4b18-9205-8565fd46ab7d,2026-05-01,5278500.0,3461500.0,1817000.0,43.0,84400.0,0.4939,0.1574,0.0935,0.2352,0.01,0.01,0.3442265795206972,233600.0,1412500.0,2026-05-15T13:56:29.052797
7c4fa22f-1066-40b1-9c25-a997c156f364,bb7c22cc-ffad-4d5a-be34-1dab046b8df3,2025-06-01,3075900.0,2461400.0,614500.0,34.0,74600.0,0.5185,0.1429,0.0983,0.1081,0.0728,0.0593,0.19977892649305895,0.0,614500.0,2026-05-15T13:56:29.052797
05c51aac-55fe-4953-b4ed-162f91e7142c,bb7c22cc-ffad-4d5a-be34-1dab046b8df3,2025-07-01,3151900.0,2142400.0,1009500.0,37.0,59500.0,0.4189,0.1596,0.0808,0.2046,0.0584,0.0778,0.32028300390240805,-319000.0,812000.0,2026-05-15T13:56:29.052797
ef7bb5ca-488f-467d-931c-50b4a0138120,bb7c22cc-ffad-4d5a-be34-1dab046b8df3,2025-08-01,3337800.0,2593600.0,744200.0,30.0,89400.0,0.4013,0.1846,0.0748,0.2581,0.0668,0.0144,0.2229612319491881,451200.0,789400.0,2026-05-15T13:56:29.052797
1ea94176-c3f7-4a15-aa3f-cb12def60eb0,bb7c22cc-ffad-4d5a-be34-1dab046b8df3,2025-09-01,3122900.0,2715200.0,407700.0,34.0,82300.0,0.4482,0.1399,0.0701,0.1377,0.1347,0.0693,0.13055173076307278,121600.0,720500.0,2026-05-15T13:56:29.052797
b21535ed-e5d4-42a5-9f9e-a331d70373b5,bb7c22cc-ffad-4d5a-be34-1dab046b8df3,2025-10-01,3408500.0,2947900.0,460600.0,33.0,95100.0,0.4072,0.1383,0.035,0.3036,0.0475,0.0684,0.13513275634443303,232700.0,537500.0,2026-05-15T13:56:29.052797
684e4dc6-1b9a-4e05-8ffd-23e1e4b5bea0,bb7c22cc-ffad-4d5a-be34-1dab046b8df3,2025-11-01,3027700.0,2221400.0,806300.0,41.0,55500.0,0.4894,0.1547,0.0732,0.1181,0.052,0.1126,0.26630775836443504,-726500.0,558200.0,2026-05-15T13:56:29.052797
587bfd08-5cfa-4eda-80c6-7c1c5f2b4a7b,bb7c22cc-ffad-4d5a-be34-1dab046b8df3,2025-12-01,3154900.0,2120300.0,1034600.0,34.0,64300.0,0.4504,0.1105,0.0912,0.2164,0.0449,0.0867,0.3279343243842911,-101100.0,767200.0,2026-05-15T13:56:29.052797
42591462-e04e-4616-aa86-0e8d8226d3f3,bb7c22cc-ffad-4d5a-be34-1dab046b8df3,2026-01-01,3338800.0,1848900.0,1489900.0,37.0,51400.0,0.3151,0.1554,0.2418,0.179,0.0122,0.0966,0.4462381694021804,-271400.0,1110300.0,2026-05-15T13:56:29.052797
64a5ba48-e5d7-474e-aefd-183d2a62098b,bb7c22cc-ffad-4d5a-be34-1dab046b8df3,2026-02-01,3175200.0,2671500.0,503700.0,39.0,70300.0,0.4189,0.1508,0.0969,0.1519,0.0663,0.1152,0.15863567649281934,822600.0,1009400.0,2026-05-15T13:56:29.052797
4101b1a9-9d02-420c-a921-81340bdb57bd,bb7c22cc-ffad-4d5a-be34-1dab046b8df3,2026-03-01,3767200.0,3089100.0,678100.0,37.0,88300.0,0.4327,0.1115,0.0476,0.2272,0.137,0.044,0.18000106179655978,417600.0,890600.0,2026-05-15T13:56:29.052797
70b0de21-da4e-41dd-826d-4550bff56564,bb7c22cc-ffad-4d5a-be34-1dab046b8df3,2026-04-01,3559900.0,3658500.0,-98600.0,33.0,118000.0,0.2414,0.3917,0.0695,0.1471,0.079,0.0712,-0.027697407230540184,569400.0,361100.0,2026-05-15T13:56:29.052797
43a0a33b-3b4c-4175-a320-05b0cb02f8cb,bb7c22cc-ffad-4d5a-be34-1dab046b8df3,2026-05-01,3125900.0,3191200.0,-65300.0,38.0,86200.0,0.4344,0.1228,0.1232,0.1927,0.0385,0.0883,-0.020889983684698805,-467300.0,171400.0,2026-05-15T13:56:29.052797
bf45db02-4913-4219-af22-a1b2cd369e3d,bea859ca-7126-45f6-8624-c3c4a2ca43cf,2025-06-01,3115400.0,2416900.0,698500.0,31.0,80600.0,0.4248,0.117,0.0631,0.1369,0.0859,0.1723,0.22420876933941067,0.0,698500.0,2026-05-15T13:56:29.052797
d976c87a-5a17-498c-b2d5-c5296bd124d8,bea859ca-7126-45f6-8624-c3c4a2ca43cf,2025-07-01,3197900.0,2641800.0,556100.0,30.0,91100.0,0.3923,0.127,0.0731,0.2032,0.0589,0.1456,0.17389536883579848,224900.0,627300.0,2026-05-15T13:56:29.052797
8ab3fc55-42ee-4dde-af8a-ac01d9440835,bea859ca-7126-45f6-8624-c3c4a2ca43cf,2025-08-01,3813400.0,3093200.0,720200.0,26.0,128900.0,0.3576,0.1337,0.0775,0.2597,0.0691,0.1023,0.1888603346095348,451400.0,658300.0,2026-05-15T13:56:29.052797
d112d679-d270-40e4-a1b0-5bd7af37ab10,bea859ca-7126-45f6-8624-c3c4a2ca43cf,2025-09-01,3700400.0,3494200.0,206200.0,33.0,112700.0,0.4443,0.1314,0.1476,0.1589,0.0913,0.0266,0.05572370554534645,401000.0,494200.0,2026-05-15T13:56:29.052797
97492820-52f4-487a-b218-71471204d3eb,bea859ca-7126-45f6-8624-c3c4a2ca43cf,2025-10-01,3236600.0,2365800.0,870800.0,29.0,84500.0,0.4052,0.1165,0.0812,0.1733,0.0334,0.1903,0.26904776617438053,-1128400.0,599100.0,2026-05-15T13:56:29.052797
465c7ee6-734a-4e12-b3ac-4e916d75e7b0,bea859ca-7126-45f6-8624-c3c4a2ca43cf,2025-11-01,3183600.0,1875200.0,1308400.0,41.0,46900.0,0.4137,0.1347,0.0962,0.1974,0.0968,0.0612,0.4109812790551577,-490600.0,795100.0,2026-05-15T13:56:29.052797
8f0fdfc7-d4e0-45d2-aba1-08c76fb6e306,bea859ca-7126-45f6-8624-c3c4a2ca43cf,2025-12-01,3024700.0,1889000.0,1135700.0,36.0,54000.0,0.3561,0.1531,0.0983,0.1488,0.1289,0.1149,0.37547525374417295,13800.0,1105000.0,2026-05-15T13:56:29.052797
6c6a917c-eeb0-4f7a-aa39-d725f451bcfb,bea859ca-7126-45f6-8624-c3c4a2ca43cf,2026-01-01,3759100.0,3308300.0,450800.0,27.0,132300.0,0.3988,0.1448,0.0572,0.1726,0.0499,0.1767,0.11992232183235349,1419300.0,965000.0,2026-05-15T13:56:29.052797
6fa5944e-85bd-428f-aaf6-5076b6995964,bea859ca-7126-45f6-8624-c3c4a2ca43cf,2026-02-01,3731800.0,2840800.0,891000.0,38.0,78900.0,0.5285,0.1357,0.0249,0.2326,0.0236,0.0547,0.23875877592582667,-467500.0,825800.0,2026-05-15T13:56:29.052797
b7568cca-5591-4dbd-9cbf-9a7fbcd24b8a,bea859ca-7126-45f6-8624-c3c4a2ca43cf,2026-03-01,3225500.0,2277200.0,948300.0,32.0,73500.0,0.4828,0.0822,0.1005,0.1129,0.0523,0.1693,0.29400093008835837,-563600.0,763400.0,2026-05-15T13:56:29.052797
a7e06cad-d2d8-49d2-98a2-2b933f600c31,bea859ca-7126-45f6-8624-c3c4a2ca43cf,2026-04-01,3967000.0,3389700.0,577300.0,37.0,96800.0,0.4622,0.2206,0.0634,0.0593,0.0459,0.1485,0.1455255860852029,1112500.0,805500.0,2026-05-15T13:56:29.052797
92ddd9cf-51eb-4fc9-a2e2-f7b10b5751e1,bea859ca-7126-45f6-8624-c3c4a2ca43cf,2026-05-01,3007400.0,2132100.0,875300.0,34.0,64600.0,0.477,0.1376,0.0948,0.0439,0.0748,0.1719,0.2910487464254838,-1257600.0,800300.0,2026-05-15T13:56:29.052797
ffe5365d-3ab1-4085-b7f8-8f857ed7517a,c5af8867-cd76-4cfb-9cb9-551c931f6066,2025-06-01,3897900.0,2365100.0,1532800.0,34.0,71700.0,0.4811,0.1533,0.0664,0.0636,0.0899,0.1457,0.39323738423253546,0.0,1532800.0,2026-05-15T13:56:29.052797
b3f4d2c6-5e9f-4bc2-8f15-bb512585c332,c5af8867-cd76-4cfb-9cb9-551c931f6066,2025-07-01,3836000.0,4174100.0,-338100.0,33.0,130400.0,0.2693,0.1948,0.0877,0.1896,0.089,0.1697,-0.08813868613138687,1809000.0,597400.0,2026-05-15T13:56:29.052797
4762bfe8-8919-4f4c-be9c-98b746e7d097,c5af8867-cd76-4cfb-9cb9-551c931f6066,2025-08-01,4880600.0,3404100.0,1476500.0,38.0,94600.0,0.3516,0.1451,0.0305,0.1964,0.1399,0.1365,0.30252427980166374,-770000.0,890400.0,2026-05-15T13:56:29.052797
bdd0cf6a-18b0-4f6c-901a-7993064725a3,c5af8867-cd76-4cfb-9cb9-551c931f6066,2025-09-01,4104900.0,2934100.0,1170800.0,43.0,69900.0,0.4215,0.0482,0.0738,0.2558,0.047,0.1537,0.285220102803966,-470000.0,769700.0,2026-05-15T13:56:29.052797
07d760bc-7604-44f2-9c43-b17829e4b033,c5af8867-cd76-4cfb-9cb9-551c931f6066,2025-10-01,3763500.0,2589100.0,1174400.0,39.0,68100.0,0.3366,0.15,0.1171,0.2304,0.0498,0.1161,0.3120499535007307,-345000.0,1273900.0,2026-05-15T13:56:29.052797
07dc1756-a0f1-4de7-b1f8-5119f0b5a813,c5af8867-cd76-4cfb-9cb9-551c931f6066,2025-11-01,3783000.0,2446900.0,1336100.0,36.0,69900.0,0.3636,0.1478,0.0948,0.2133,0.0698,0.1106,0.3531853026698388,-142200.0,1227100.0,2026-05-15T13:56:29.052797
29204819-0aa4-4544-8953-79595b3aca01,c5af8867-cd76-4cfb-9cb9-551c931f6066,2025-12-01,3750400.0,3205500.0,544900.0,39.0,84400.0,0.3999,0.1722,0.0841,0.2167,0.0826,0.0444,0.14529116894197952,758600.0,1018500.0,2026-05-15T13:56:29.052797
32698ac1-ad75-40ce-b47f-dbaa3dcba753,c5af8867-cd76-4cfb-9cb9-551c931f6066,2026-01-01,4250000.0,3066000.0,1184000.0,35.0,92900.0,0.3924,0.0578,0.2347,0.1168,0.0565,0.1418,0.27858823529411764,-139500.0,1021700.0,2026-05-15T13:56:29.052797
8ca0e841-f3b1-4b58-84fd-ff83fc49662c,c5af8867-cd76-4cfb-9cb9-551c931f6066,2026-02-01,4746500.0,4011300.0,735200.0,39.0,108400.0,0.4324,0.1853,0.01,0.1642,0.0514,0.1568,0.15489307911092384,945300.0,821400.0,2026-05-15T13:56:29.052797
c62d7617-ddcb-4b3f-ba71-1d1da6dbe505,c5af8867-cd76-4cfb-9cb9-551c931f6066,2026-03-01,4146500.0,2668600.0,1477900.0,26.0,111200.0,0.4317,0.1748,0.0354,0.2137,0.0171,0.1272,0.3564210780176052,-1342700.0,1132400.0,2026-05-15T13:56:29.052797
e3daf806-ab0f-4339-bd57-67400e8539eb,c5af8867-cd76-4cfb-9cb9-551c931f6066,2026-04-01,4434900.0,2815500.0,1619400.0,31.0,97100.0,0.4628,0.1084,0.01,0.2604,0.0895,0.0689,0.3651491578164107,146900.0,1277500.0,2026-05-15T13:56:29.052797
2d056ad3-143f-4ad2-bd29-dc93526f86b6,c5af8867-cd76-4cfb-9cb9-551c931f6066,2026-05-01,4073600.0,3194200.0,879400.0,40.0,81900.0,0.4893,0.2282,0.1077,0.01,0.0238,0.1411,0.21587784760408485,378700.0,1325600.0,2026-05-15T13:56:29.052797
94078a33-1745-419d-b073-242557ae3c22,d5a57a26-d876-4149-8da8-37e676a7122f,2025-06-01,2636400.0,1752300.0,884100.0,24.0,76200.0,0.4994,0.1507,0.0389,0.1253,0.01,0.1758,0.3353436504324078,0.0,884100.0,2026-05-15T13:56:29.052797
bdb769b7-66f2-4b56-9a11-17ace0b4667b,d5a57a26-d876-4149-8da8-37e676a7122f,2025-07-01,2595300.0,1985900.0,609400.0,36.0,56700.0,0.428,0.1227,0.01,0.2499,0.0509,0.1385,0.2348090779485994,233600.0,746800.0,2026-05-15T13:56:29.052797
fe20ea45-aa0d-46e1-91be-e28a751f60ac,d5a57a26-d876-4149-8da8-37e676a7122f,2025-08-01,2566500.0,1572400.0,994100.0,41.0,39300.0,0.3733,0.1276,0.0972,0.1929,0.073,0.136,0.387336840054549,-413500.0,829200.0,2026-05-15T13:56:29.052797
abcd27d3-0dad-4d19-a20e-d1007f812700,d5a57a26-d876-4149-8da8-37e676a7122f,2025-09-01,3106200.0,2440600.0,665600.0,35.0,74000.0,0.3952,0.1362,0.0773,0.1869,0.0844,0.1199,0.21428111518897688,868200.0,756400.0,2026-05-15T13:56:29.052797
22944ce4-48cb-4bed-a7f8-28d1b5caa1f2,d5a57a26-d876-4149-8da8-37e676a7122f,2025-10-01,2628900.0,2374900.0,254000.0,41.0,59400.0,0.3974,0.0832,0.1188,0.2332,0.0774,0.0899,0.0966183574879227,-65700.0,637900.0,2026-05-15T13:56:29.052797
fba74e40-2ceb-4670-9860-72c253f8d945,d5a57a26-d876-4149-8da8-37e676a7122f,2025-11-01,2527000.0,1705800.0,821200.0,28.0,63200.0,0.4078,0.1311,0.0383,0.1538,0.1229,0.1461,0.3249703205381876,-669100.0,580300.0,2026-05-15T13:56:29.052797
5fe71d03-7ee3-4877-93c5-9a31fe3b6ab7,d5a57a26-d876-4149-8da8-37e676a7122f,2025-12-01,2538000.0,1607400.0,930600.0,27.0,61800.0,0.3399,0.1439,0.0808,0.1939,0.1254,0.1162,0.36666666666666664,-98400.0,668600.0,2026-05-15T13:56:29.052797
ae258503-c384-45b0-8fff-4ae0a071d581,d5a57a26-d876-4149-8da8-37e676a7122f,2026-01-01,2628400.0,1774400.0,854000.0,26.0,71000.0,0.4587,0.1064,0.0913,0.1914,0.01,0.1422,0.3249124942931061,167000.0,868600.0,2026-05-15T13:56:29.052797
2ba0181a-d55a-4696-ad55-4d69cf9e8788,d5a57a26-d876-4149-8da8-37e676a7122f,2026-02-01,3127600.0,1968300.0,1159300.0,36.0,57900.0,0.4009,0.0273,0.0496,0.2759,0.0785,0.1679,0.3706676045530119,193900.0,981300.0,2026-05-15T13:56:29.052797
d2663367-75db-4f79-8ca0-9164b389d0b9,d5a57a26-d876-4149-8da8-37e676a7122f,2026-03-01,2908600.0,2496800.0,411800.0,33.0,80500.0,0.3565,0.1746,0.092,0.1624,0.0863,0.1282,0.14158014164890326,528500.0,808400.0,2026-05-15T13:56:29.052797
7d0d84f7-e507-4904-8c4a-1058defe9249,d5a57a26-d876-4149-8da8-37e676a7122f,2026-04-01,2609600.0,1582600.0,1027000.0,43.0,37700.0,0.3503,0.1211,0.078,0.2147,0.1593,0.0766,0.3935469037400368,-914200.0,866000.0,2026-05-15T13:56:29.052797
924c7481-17fb-4a2f-93d6-40fa0edf6a59,d5a57a26-d876-4149-8da8-37e676a7122f,2026-05-01,2569100.0,1998600.0,570500.0,39.0,52600.0,0.3855,0.2876,0.069,0.0739,0.0817,0.1024,0.2220622007706979,416000.0,669800.0,2026-05-15T13:56:29.052797
f6569b6d-4f15-485e-acb0-f70286db484b,e463c5da-85ca-423d-bada-c8722a37af4f,2025-06-01,5134900.0,2649000.0,2485900.0,30.0,91300.0,0.4528,0.1526,0.0795,0.2189,0.0103,0.0859,0.4841184833200257,0.0,2485900.0,2026-05-15T13:56:29.052797
2a9e5d76-68e7-4968-b79a-1a8dbb2de9a1,e463c5da-85ca-423d-bada-c8722a37af4f,2025-07-01,4854800.0,4043300.0,811500.0,27.0,155500.0,0.3771,0.1355,0.0601,0.1202,0.1688,0.1383,0.16715415671088407,1394300.0,1648700.0,2026-05-15T13:56:29.052797
34b3f9f5-0e18-456c-ba16-c1d27ed4ed60,e463c5da-85ca-423d-bada-c8722a37af4f,2025-08-01,4841600.0,3158900.0,1682700.0,35.0,92900.0,0.5061,0.1306,0.0784,0.1282,0.1038,0.053,0.34755039656311965,-884400.0,1660000.0,2026-05-15T13:56:29.052797
66db460a-d3f2-4ecd-a39b-067d2d0ca597,e463c5da-85ca-423d-bada-c8722a37af4f,2025-09-01,4917000.0,4795200.0,121800.0,33.0,149800.0,0.4723,0.1208,0.1265,0.1958,0.0504,0.0341,0.024771201952410005,1636300.0,872000.0,2026-05-15T13:56:29.052797
15803a1d-3bdd-4256-a70e-b63308ce127c,e463c5da-85ca-423d-bada-c8722a37af4f,2025-10-01,4946100.0,3904300.0,1041800.0,35.0,114800.0,0.3728,0.202,0.07,0.2091,0.0682,0.0779,0.2106305978447666,-890900.0,948800.0,2026-05-15T13:56:29.052797
1033446c-190b-4b25-9eaa-50b9b9f55b94,e463c5da-85ca-423d-bada-c8722a37af4f,2025-11-01,4769700.0,3315300.0,1454400.0,36.0,94700.0,0.4867,0.171,0.032,0.1403,0.0325,0.1376,0.3049248380401283,-589000.0,872700.0,2026-05-15T13:56:29.052797
f92d9cfe-3a1e-4180-ab74-deea1615613d,e463c5da-85ca-423d-bada-c8722a37af4f,2025-12-01,4860300.0,3839600.0,1020700.0,29.0,137100.0,0.333,0.1167,0.0323,0.1571,0.3239,0.0371,0.2100076126988046,524300.0,1172300.0,2026-05-15T13:56:29.052797
541ec268-c354-4c8e-b9ac-778d4fcd714b,e463c5da-85ca-423d-bada-c8722a37af4f,2026-01-01,5569400.0,3548100.0,2021300.0,34.0,110900.0,0.537,0.1959,0.0638,0.1407,0.01,0.0525,0.3629295794879161,-291500.0,1498800.0,2026-05-15T13:56:29.052797
563c814d-201b-4549-bc2c-378354261a78,e463c5da-85ca-423d-bada-c8722a37af4f,2026-02-01,5106800.0,4161700.0,945100.0,41.0,104000.0,0.4951,0.093,0.0934,0.1918,0.039,0.0877,0.18506696953082166,613600.0,1329000.0,2026-05-15T13:56:29.052797
ff469f21-98c1-4283-a852-6494811ee4c8,e463c5da-85ca-423d-bada-c8722a37af4f,2026-03-01,4923900.0,2362300.0,2561600.0,32.0,76200.0,0.3451,0.1115,0.074,0.2357,0.0627,0.1712,0.520238022705579,-1799400.0,1842700.0,2026-05-15T13:56:29.052797
acc72387-eea4-47a9-a831-357f133d667e,e463c5da-85ca-423d-bada-c8722a37af4f,2026-04-01,4791300.0,4560300.0,231000.0,36.0,130300.0,0.4238,0.1063,0.0507,0.1806,0.1105,0.1281,0.04821238494771774,2198000.0,1245900.0,2026-05-15T13:56:29.052797
a0c8b01a-f401-4ccf-b21a-68783b5fdb87,e463c5da-85ca-423d-bada-c8722a37af4f,2026-05-01,5007600.0,3538400.0,1469200.0,37.0,98300.0,0.2838,0.1611,0.1532,0.2012,0.0801,0.1206,0.2933940410575925,-1021900.0,1420600.0,2026-05-15T13:56:29.052797
ed215a60-843f-428b-981e-0aeada8d8153,e4fa4032-ecc9-461d-bdb8-e55e2ec044f5,2025-06-01,9612900.0,5964100.0,3648800.0,35.0,180700.0,0.4684,0.1206,0.1181,0.0878,0.0444,0.1607,0.3795732817360006,0.0,3648800.0,2026-05-15T13:56:29.052797
f4411ddf-b621-43a6-b5e2-50f06a84a2d6,e4fa4032-ecc9-461d-bdb8-e55e2ec044f5,2025-07-01,7874600.0,5534200.0,2340400.0,34.0,167700.0,0.4821,0.0661,0.0631,0.2391,0.01,0.1396,0.29720874711096434,-429900.0,2994600.0,2026-05-15T13:56:29.052797
6373d17a-f56f-4e50-bec1-ae5dbb84e449,e4fa4032-ecc9-461d-bdb8-e55e2ec044f5,2025-08-01,7615900.0,5864000.0,1751900.0,38.0,158500.0,0.464,0.0834,0.1528,0.1095,0.0516,0.1387,0.2300319069315511,329800.0,2580400.0,2026-05-15T13:56:29.052797
023c822b-d332-453b-bbb9-b0ed67fe4e11,e4fa4032-ecc9-461d-bdb8-e55e2ec044f5,2025-09-01,8073500.0,6460600.0,1612900.0,40.0,165700.0,0.3374,0.0824,0.1101,0.1073,0.2309,0.1318,0.1997770483681179,596600.0,1901700.0,2026-05-15T13:56:29.052797
a7cf5036-2442-4ee6-bcf9-54d55049c238,e4fa4032-ecc9-461d-bdb8-e55e2ec044f5,2025-10-01,9603500.0,8617800.0,985700.0,33.0,278000.0,0.2946,0.1643,0.1867,0.2237,0.0929,0.0378,0.10263966262300203,2157200.0,1450200.0,2026-05-15T13:56:29.052797
e529e8a2-fc59-4d50-913b-1ecc7ca34e02,e4fa4032-ecc9-461d-bdb8-e55e2ec044f5,2025-11-01,7932600.0,5366400.0,2566200.0,43.0,127800.0,0.4664,0.1214,0.0897,0.1711,0.0693,0.082,0.32350049164208455,-3251400.0,1721600.0,2026-05-15T13:56:29.052797
a7d41603-a4c3-4be8-9696-019323322eb9,e4fa4032-ecc9-461d-bdb8-e55e2ec044f5,2025-12-01,7366300.0,5443100.0,1923200.0,24.0,236700.0,0.4096,0.1337,0.0797,0.1595,0.0711,0.1464,0.2610808682785116,76700.0,1825000.0,2026-05-15T13:56:29.052797
4ce4f6e4-e49d-430f-9595-11ced54cc938,e4fa4032-ecc9-461d-bdb8-e55e2ec044f5,2026-01-01,7734700.0,6550700.0,1184000.0,38.0,177000.0,0.5442,0.0818,0.1085,0.1784,0.0222,0.0649,0.1530763959817446,1107600.0,1891100.0,2026-05-15T13:56:29.052797
026f59d1-0059-460e-8563-434fac94d71f,e4fa4032-ecc9-461d-bdb8-e55e2ec044f5,2026-02-01,9670800.0,7793600.0,1877200.0,39.0,210600.0,0.5389,0.1217,0.0603,0.0807,0.0737,0.1246,0.19411010464491046,1242900.0,1661500.0,2026-05-15T13:56:29.052797
8023b6bb-46cb-4ff8-9d4b-3a143220a975,e4fa4032-ecc9-461d-bdb8-e55e2ec044f5,2026-03-01,7770600.0,6906600.0,864000.0,31.0,230200.0,0.4695,0.1655,0.0825,0.1147,0.0325,0.1353,0.11118832522585129,-887000.0,1308400.0,2026-05-15T13:56:29.052797
2f7f1b2f-5751-480d-a703-37df542e041e,e4fa4032-ecc9-461d-bdb8-e55e2ec044f5,2026-04-01,10360300.0,6066700.0,4293600.0,36.0,178400.0,0.3568,0.1301,0.0891,0.1905,0.0973,0.1362,0.41442815362489505,-839900.0,2344900.0,2026-05-15T13:56:29.052797
5a2cded4-7879-45ed-b745-d1a94d61e79c,e4fa4032-ecc9-461d-bdb8-e55e2ec044f5,2026-05-01,7908100.0,6794500.0,1113600.0,29.0,242700.0,0.2878,0.1585,0.0843,0.2331,0.072,0.1643,0.14081764267017363,727800.0,2090400.0,2026-05-15T13:56:29.052797
4774ce65-3629-4acf-b3cf-70765919f5a6,e9a1341a-c553-4d4b-9b7c-25b3d910cbe6,2025-06-01,3580200.0,2910200.0,670000.0,36.0,83100.0,0.5618,0.2244,0.01,0.1838,0.01,0.01,0.1871403832188146,0.0,670000.0,2026-05-15T13:56:29.052797
38a3e23a-1c70-4f3f-903c-bda9c8e97c3e,e9a1341a-c553-4d4b-9b7c-25b3d910cbe6,2025-07-01,3703800.0,2410200.0,1293600.0,29.0,86100.0,0.4783,0.2075,0.0477,0.1064,0.0637,0.0964,0.34926291916410174,-500000.0,981800.0,2026-05-15T13:56:29.052797
12eba931-395f-40e2-a034-19394f962e62,e9a1341a-c553-4d4b-9b7c-25b3d910cbe6,2025-08-01,3672500.0,2977600.0,694900.0,41.0,74400.0,0.347,0.215,0.1126,0.1481,0.0539,0.1233,0.18921715452688903,567400.0,886200.0,2026-05-15T13:56:29.052797
e3975a0a-63e3-4a9c-a85a-36081e3c5076,e9a1341a-c553-4d4b-9b7c-25b3d910cbe6,2025-09-01,3602400.0,3039000.0,563400.0,33.0,95000.0,0.4262,0.2004,0.0285,0.189,0.066,0.0899,0.15639573617588273,61400.0,850600.0,2026-05-15T13:56:29.052797
cf56f73c-46c9-4a0f-998c-eb1d18347b11,e9a1341a-c553-4d4b-9b7c-25b3d910cbe6,2025-10-01,4012300.0,2780400.0,1231900.0,25.0,120900.0,0.4059,0.2176,0.0465,0.2486,0.0714,0.01,0.30703088004386514,-258600.0,830100.0,2026-05-15T13:56:29.052797
aa8c1392-20fe-429f-ae20-e493a787b2b1,e9a1341a-c553-4d4b-9b7c-25b3d910cbe6,2025-11-01,4378900.0,2853900.0,1525000.0,36.0,83900.0,0.3052,0.1224,0.0244,0.1774,0.0942,0.2766,0.34826097878462625,73500.0,1106800.0,2026-05-15T13:56:29.052797
72cc6356-a072-48d9-bb7b-8e1f6246af32,e9a1341a-c553-4d4b-9b7c-25b3d910cbe6,2025-12-01,3815700.0,3243600.0,572100.0,33.0,101400.0,0.5512,0.01,0.0824,0.1559,0.0478,0.1526,0.1499331708467647,389700.0,1109700.0,2026-05-15T13:56:29.052797
e3b0aa85-816a-4411-b2e3-f194b1f7ac84,e9a1341a-c553-4d4b-9b7c-25b3d910cbe6,2026-01-01,3745900.0,3675400.0,70500.0,32.0,118600.0,0.4393,0.1447,0.0141,0.1878,0.1129,0.1012,0.018820577164366373,431800.0,722500.0,2026-05-15T13:56:29.052797
9cd3baa5-b9c5-4a03-bf7a-aa1caec568af,e9a1341a-c553-4d4b-9b7c-25b3d910cbe6,2026-02-01,4300000.0,2916100.0,1383900.0,29.0,108000.0,0.4016,0.1864,0.0904,0.1554,0.0652,0.101,0.32183720930232557,-759300.0,675500.0,2026-05-15T13:56:29.052797
8a1408c0-abdd-4016-a5e3-78d1e07d898c,e9a1341a-c553-4d4b-9b7c-25b3d910cbe6,2026-03-01,3704700.0,3847500.0,-142800.0,31.0,128200.0,0.4265,0.1827,0.01,0.167,0.0722,0.1416,-0.03854563122520042,931400.0,437200.0,2026-05-15T13:56:29.052797
327f25cc-a2b8-455d-92e8-4860b9acc3a1,e9a1341a-c553-4d4b-9b7c-25b3d910cbe6,2026-04-01,4561700.0,3966600.0,595100.0,38.0,110200.0,0.4061,0.1211,0.1042,0.1782,0.0408,0.1496,0.1304557511454063,119100.0,612100.0,2026-05-15T13:56:29.052797
65d216de-84c8-476b-8d24-c2af3b960735,e9a1341a-c553-4d4b-9b7c-25b3d910cbe6,2026-05-01,3581400.0,2791200.0,790200.0,30.0,96200.0,0.3625,0.2013,0.1313,0.1245,0.0568,0.1236,0.22063997319484,-1175400.0,414200.0,2026-05-15T13:56:29.052797
b33aeade-1319-4183-bd48-648a9b3d523d,ef5315e5-1415-4b5b-81f0-d842ec2e4e71,2025-06-01,7080500.0,3134600.0,3945900.0,32.0,104500.0,0.3804,0.1963,0.0702,0.2362,0.0828,0.0342,0.5572911517548196,0.0,3945900.0,2026-05-15T13:56:29.052797
5eba4c22-f25e-4404-aee1-6db39c502798,ef5315e5-1415-4b5b-81f0-d842ec2e4e71,2025-07-01,5751300.0,4702000.0,1049300.0,30.0,162100.0,0.4595,0.1563,0.1647,0.1583,0.0403,0.0211,0.18244570792690348,1567400.0,2497600.0,2026-05-15T13:56:29.052797
1bd1d7d7-233e-4ce6-a429-dbcfe77cff31,ef5315e5-1415-4b5b-81f0-d842ec2e4e71,2025-08-01,5620600.0,3461600.0,2159000.0,35.0,101800.0,0.5052,0.0906,0.0415,0.1893,0.0785,0.0949,0.38412269152759493,-1240400.0,2384700.0,2026-05-15T13:56:29.052797
09773409-ea60-445f-968b-1a99c40a455c,ef5315e5-1415-4b5b-81f0-d842ec2e4e71,2025-09-01,5841900.0,4354000.0,1487900.0,41.0,108800.0,0.4407,0.1517,0.01,0.2698,0.1004,0.0274,0.25469453431246686,892400.0,1565400.0,2026-05-15T13:56:29.052797
45918e0c-63f0-4852-94f3-1e85b28d01d3,ef5315e5-1415-4b5b-81f0-d842ec2e4e71,2025-10-01,5893600.0,5303900.0,589700.0,42.0,129400.0,0.3756,0.1874,0.0956,0.1654,0.0871,0.089,0.10005768969729877,949900.0,1412200.0,2026-05-15T13:56:29.052797
fe4a9a9d-c9f9-492b-a18b-046b457ad1f9,ef5315e5-1415-4b5b-81f0-d842ec2e4e71,2025-11-01,5710000.0,4597400.0,1112600.0,34.0,139300.0,0.3254,0.235,0.0405,0.1915,0.047,0.1606,0.19485113835376533,-706500.0,1063400.0,2026-05-15T13:56:29.052797
e292e800-ffeb-48eb-a79e-77690beb1402,ef5315e5-1415-4b5b-81f0-d842ec2e4e71,2025-12-01,7671500.0,4850600.0,2820900.0,42.0,121300.0,0.3579,0.0975,0.1106,0.2401,0.069,0.125,0.3677116600404093,253200.0,1507700.0,2026-05-15T13:56:29.052797
7c272492-6cc9-4747-9fad-2be3a7aaa395,ef5315e5-1415-4b5b-81f0-d842ec2e4e71,2026-01-01,5873900.0,3872000.0,2001900.0,39.0,101900.0,0.3505,0.1694,0.23,0.0949,0.0377,0.1175,0.34081274791875926,-978600.0,1978500.0,2026-05-15T13:56:29.052797
cab6aaaf-ccd4-4bc4-8830-3aa9aaa50a2a,ef5315e5-1415-4b5b-81f0-d842ec2e4e71,2026-02-01,5874700.0,5240500.0,634200.0,39.0,137900.0,0.4432,0.2028,0.0884,0.0594,0.0803,0.1258,0.10795444873780789,1368500.0,1819000.0,2026-05-15T13:56:29.052797
7d95009e-b0d1-4e36-863c-e6c7daa14cd8,ef5315e5-1415-4b5b-81f0-d842ec2e4e71,2026-03-01,5784600.0,4028000.0,1756600.0,38.0,108900.0,0.36,0.137,0.0704,0.2422,0.0137,0.1768,0.30366836082010856,-1212500.0,1464200.0,2026-05-15T13:56:29.052797
e6269548-df66-4fe6-ad95-c99eb8aaba4a,ef5315e5-1415-4b5b-81f0-d842ec2e4e71,2026-04-01,5840900.0,4179900.0,1661000.0,42.0,101900.0,0.3361,0.149,0.0461,0.16,0.1749,0.1339,0.2843739834614529,151900.0,1350600.0,2026-05-15T13:56:29.052797
7263e134-16d7-4554-8fe1-114624e968e0,ef5315e5-1415-4b5b-81f0-d842ec2e4e71,2026-05-01,5906200.0,4936400.0,969800.0,35.0,145200.0,0.4027,0.2175,0.0476,0.2921,0.0301,0.01,0.1642003318546612,756500.0,1462500.0,2026-05-15T13:56:29.052797
fa8cad3d-2f38-461f-a97a-a00be8d6c8ef,f09cc247-c28a-49d9-acc3-a7be5ae2474d,2025-06-01,6949600.0,4590000.0,2359600.0,38.0,124100.0,0.3003,0.086,0.0585,0.4162,0.0483,0.0908,0.3395303326810176,0.0,2359600.0,2026-05-15T13:56:29.052797
133a7f71-b142-4817-a53d-e7771527d2c6,f09cc247-c28a-49d9-acc3-a7be5ae2474d,2025-07-01,6519500.0,5154700.0,1364800.0,36.0,147300.0,0.4735,0.1151,0.0356,0.1711,0.0291,0.1757,0.2093412071477874,564700.0,1862200.0,2026-05-15T13:56:29.052797
7bc5d697-c52a-41bc-a6dd-f4433b8f87dc,f09cc247-c28a-49d9-acc3-a7be5ae2474d,2025-08-01,8953600.0,6301500.0,2652100.0,38.0,175000.0,0.4355,0.1215,0.1089,0.1805,0.0422,0.1114,0.2962048784846319,1146800.0,2125500.0,2026-05-15T13:56:29.052797
6b94f021-adc4-4758-908e-e4e9385ee05b,f09cc247-c28a-49d9-acc3-a7be5ae2474d,2025-09-01,6665000.0,5373300.0,1291700.0,34.0,162800.0,0.4672,0.1569,0.0427,0.1224,0.1363,0.0745,0.1938034508627157,-928200.0,1769500.0,2026-05-15T13:56:29.052797
61c6a660-7a2c-435a-9d19-b0af97e4f3f7,f09cc247-c28a-49d9-acc3-a7be5ae2474d,2025-10-01,6663800.0,3037800.0,3626000.0,46.0,67500.0,0.4435,0.1765,0.0697,0.1319,0.0677,0.1107,0.5441339776103724,-2335500.0,2523300.0,2026-05-15T13:56:29.052797
2342d28b-a318-408c-ab00-ee7fa11ea412,f09cc247-c28a-49d9-acc3-a7be5ae2474d,2025-11-01,6523600.0,5773700.0,749900.0,29.0,206200.0,0.5207,0.1869,0.01,0.2094,0.063,0.01,0.11495186706726347,2735900.0,1889200.0,2026-05-15T13:56:29.052797
f0c331c3-59d4-43be-ae3a-20aaea285da8,f09cc247-c28a-49d9-acc3-a7be5ae2474d,2025-12-01,6812800.0,4998300.0,1814500.0,33.0,156200.0,0.3668,0.1833,0.0435,0.245,0.0576,0.1039,0.26633689525598875,-775400.0,2063500.0,2026-05-15T13:56:29.052797
3a433565-1d68-406f-9fcb-db3f4cf8d90f,f09cc247-c28a-49d9-acc3-a7be5ae2474d,2026-01-01,6819300.0,6578400.0,240900.0,29.0,234900.0,0.4348,0.1146,0.0831,0.2398,0.0377,0.0901,0.03532620650213365,1580100.0,935100.0,2026-05-15T13:56:29.052797
dce6b02f-eb8b-42b5-b430-1e08cb797de3,f09cc247-c28a-49d9-acc3-a7be5ae2474d,2026-02-01,6504600.0,4579600.0,1925000.0,32.0,147700.0,0.4032,0.1402,0.0755,0.1046,0.0373,0.2393,0.2959444085723949,-1998800.0,1326800.0,2026-05-15T13:56:29.052797
e73a0664-7f56-4a5b-a4c8-7cc2cb713f09,f09cc247-c28a-49d9-acc3-a7be5ae2474d,2026-03-01,6943100.0,5179000.0,1764100.0,34.0,156900.0,0.3429,0.2047,0.09,0.14,0.0927,0.1296,0.25407958980858697,599400.0,1310000.0,2026-05-15T13:56:29.052797
95deeb2a-f2e9-4143-8e76-151613bd59e5,f09cc247-c28a-49d9-acc3-a7be5ae2474d,2026-04-01,8004000.0,5100200.0,2903800.0,39.0,137800.0,0.3249,0.2595,0.0674,0.1581,0.1065,0.0836,0.3627936031984008,-78800.0,2197600.0,2026-05-15T13:56:29.052797
d25fe058-bb2b-40b9-99ae-9efea0b479b8,f09cc247-c28a-49d9-acc3-a7be5ae2474d,2026-05-01,7069300.0,5811900.0,1257400.0,29.0,207600.0,0.4125,0.0871,0.0824,0.1096,0.1162,0.1922,0.17786768138288092,711700.0,1975100.0,2026-05-15T13:56:29.052797
316e4179-496e-4c01-a5ea-662d044aeca6,f4450014-e56a-49fb-8540-4918c57d6396,2025-06-01,3632700.0,3222400.0,410300.0,34.0,97600.0,0.3703,0.1703,0.0205,0.1486,0.0245,0.2658,0.11294629339059102,0.0,410300.0,2026-05-15T13:56:29.052797
3711309f-8ef9-4aa6-bf8b-7ea2f474cf51,f4450014-e56a-49fb-8540-4918c57d6396,2025-07-01,3468000.0,1110800.0,2357200.0,25.0,46300.0,0.3771,0.1271,0.0672,0.1348,0.0697,0.2242,0.6797001153402538,-2111600.0,1383800.0,2026-05-15T13:56:29.052797
e1611dcc-99a9-42e3-b399-cdad260289f6,f4450014-e56a-49fb-8540-4918c57d6396,2025-08-01,3409500.0,2218500.0,1191000.0,24.0,96500.0,0.4365,0.0926,0.0796,0.0693,0.1638,0.1581,0.34931808183018037,1107700.0,1319500.0,2026-05-15T13:56:29.052797
ed344633-2496-43b3-aa0d-50d87a446154,f4450014-e56a-49fb-8540-4918c57d6396,2025-09-01,3521200.0,2542500.0,978700.0,34.0,77000.0,0.3836,0.102,0.1051,0.2011,0.0508,0.1575,0.2779450187436101,324000.0,1509000.0,2026-05-15T13:56:29.052797
b411c6bb-917e-4ff3-8f92-1c34d9ca452b,f4450014-e56a-49fb-8540-4918c57d6396,2025-10-01,3372700.0,2221800.0,1150900.0,36.0,63500.0,0.4494,0.2321,0.0626,0.1094,0.01,0.1366,0.34123995611824354,-320700.0,1106900.0,2026-05-15T13:56:29.052797
25cf3d71-21d7-42b3-be70-73e86c19e3bd,f4450014-e56a-49fb-8540-4918c57d6396,2025-11-01,3619000.0,2997100.0,621900.0,35.0,88200.0,0.3633,0.092,0.06,0.1514,0.0745,0.2589,0.17184305056645482,775300.0,917200.0,2026-05-15T13:56:29.052797
89ed4222-0579-4512-aa6f-5ffa3de364a2,f4450014-e56a-49fb-8540-4918c57d6396,2025-12-01,3347200.0,2841700.0,505500.0,38.0,76800.0,0.4607,0.1373,0.0874,0.2092,0.0187,0.0867,0.15102174952198852,-155400.0,759400.0,2026-05-15T13:56:29.052797
7f210feb-03f1-4160-a023-d3c6fb6fba05,f4450014-e56a-49fb-8540-4918c57d6396,2026-01-01,4009000.0,2642800.0,1366200.0,29.0,97900.0,0.3036,0.2158,0.1017,0.1893,0.0863,0.1032,0.3407832377151409,-198900.0,831200.0,2026-05-15T13:56:29.052797
11c20689-ee7d-41b1-ada5-557ee79dca97,f4450014-e56a-49fb-8540-4918c57d6396,2026-02-01,3472600.0,2788400.0,684200.0,26.0,111500.0,0.3542,0.0891,0.0787,0.2549,0.0444,0.1786,0.19702816333582907,145600.0,852000.0,2026-05-15T13:56:29.052797
39717da8-2183-4b7e-960b-964443541f62,f4450014-e56a-49fb-8540-4918c57d6396,2026-03-01,3667400.0,2765300.0,902100.0,34.0,86400.0,0.4298,0.0627,0.1411,0.2247,0.0382,0.1035,0.24597807711185035,-23100.0,984200.0,2026-05-15T13:56:29.052797
7dcc2a70-2c60-4519-b89a-9c020eabec67,f4450014-e56a-49fb-8540-4918c57d6396,2026-04-01,3306500.0,1641900.0,1664600.0,30.0,56600.0,0.4852,0.2201,0.01,0.1713,0.0216,0.0918,0.5034326326931801,-1123400.0,1083600.0,2026-05-15T13:56:29.052797
cee1ca39-61b9-498f-a4e4-bf709e906a0e,f4450014-e56a-49fb-8540-4918c57d6396,2026-05-01,3563700.0,2886800.0,676900.0,35.0,84900.0,0.3199,0.0906,0.0856,0.1445,0.2282,0.1311,0.18994303673148694,1244900.0,1081200.0,2026-05-15T13:56:29.052797
3b6a4768-08f9-4d6c-92d2-82101cc87e47,f87bacf6-777f-437a-a4d6-6404682b1368,2025-06-01,5851700.0,5491800.0,359900.0,35.0,161500.0,0.3357,0.2134,0.1051,0.1761,0.053,0.1167,0.0615034947109387,0.0,359900.0,2026-05-15T13:56:29.052797
e4018f1f-2080-413a-af3f-ff4a57176ace,f87bacf6-777f-437a-a4d6-6404682b1368,2025-07-01,5697100.0,4464600.0,1232500.0,32.0,144000.0,0.4193,0.1403,0.0953,0.2273,0.01,0.1077,0.2163381369468677,-1027200.0,796200.0,2026-05-15T13:56:29.052797
a2fe2d18-0ec7-4fb5-8507-df375e4c35f6,f87bacf6-777f-437a-a4d6-6404682b1368,2025-08-01,5906900.0,3920400.0,1986500.0,39.0,103200.0,0.3994,0.01,0.1732,0.2297,0.01,0.1776,0.33630161336741776,-544200.0,1193000.0,2026-05-15T13:56:29.052797
1e1edbb4-cb56-466a-b17f-f902f06f04ec,f87bacf6-777f-437a-a4d6-6404682b1368,2025-09-01,6533300.0,4476500.0,2056800.0,27.0,179100.0,0.2309,0.1297,0.0578,0.2786,0.0976,0.2054,0.31481793274455483,556100.0,1758600.0,2026-05-15T13:56:29.052797
138effb3-8dd6-4f2f-a114-85da71e7f8fc,f87bacf6-777f-437a-a4d6-6404682b1368,2025-10-01,6995400.0,4705300.0,2290100.0,44.0,112000.0,0.2338,0.1472,0.01,0.1292,0.0443,0.4354,0.3273722732081082,228800.0,2111100.0,2026-05-15T13:56:29.052797
15fe4eb5-8517-4dbf-bf5d-a5a0f915b091,f87bacf6-777f-437a-a4d6-6404682b1368,2025-11-01,5474200.0,3092000.0,2382200.0,38.0,83600.0,0.4401,0.1186,0.1043,0.1725,0.0415,0.123,0.4351686091118337,-1613300.0,2243000.0,2026-05-15T13:56:29.052797
a2d5f9a3-401d-4c77-b2c9-592f50f44253,f87bacf6-777f-437a-a4d6-6404682b1368,2025-12-01,5511000.0,3025800.0,2485200.0,30.0,104300.0,0.3148,0.1874,0.0551,0.2085,0.0898,0.1444,0.45095264017419706,-66200.0,2385800.0,2026-05-15T13:56:29.052797
910cd1ae-dd80-46ea-801e-16dc8a9d3d51,f87bacf6-777f-437a-a4d6-6404682b1368,2026-01-01,5626500.0,4606300.0,1020200.0,32.0,148600.0,0.422,0.1674,0.1398,0.0835,0.0441,0.1431,0.18132053674575668,1580500.0,1962500.0,2026-05-15T13:56:29.052797
60730a3a-2d57-4e22-b57b-a523638dee51,f87bacf6-777f-437a-a4d6-6404682b1368,2026-02-01,7426300.0,6301000.0,1125300.0,39.0,170300.0,0.4557,0.1524,0.0566,0.1701,0.077,0.0882,0.1515290252211734,1694700.0,1543600.0,2026-05-15T13:56:29.052797
b7c09ae4-e28e-400e-bf38-d6c87b3c2e21,f87bacf6-777f-437a-a4d6-6404682b1368,2026-03-01,6026000.0,5123100.0,902900.0,33.0,160100.0,0.2742,0.1682,0.0551,0.2126,0.0951,0.1947,0.14983405243942913,-1177900.0,1016100.0,2026-05-15T13:56:29.052797
9e563394-2bf2-4cda-a13a-5a0531c7c883,f87bacf6-777f-437a-a4d6-6404682b1368,2026-04-01,5796900.0,4206900.0,1590000.0,37.0,116900.0,0.3333,0.1165,0.076,0.2336,0.0493,0.1913,0.2742845313874657,-916200.0,1206100.0,2026-05-15T13:56:29.052797
dbc5e4c3-474f-4c36-93de-dc72d1de6ddc,f87bacf6-777f-437a-a4d6-6404682b1368,2026-05-01,7267500.0,5139500.0,2128000.0,31.0,177200.0,0.3051,0.2165,0.1014,0.1627,0.055,0.1593,0.2928104575163399,932600.0,1540300.0,2026-05-15T13:56:29.052797
855775eb-c8e3-4bb4-a747-933bb1dd39da,fd58d414-6cbb-40dc-a3a9-ba062bfc15bc,2025-06-01,5157100.0,3528200.0,1628900.0,44.0,82100.0,0.3486,0.151,0.0751,0.2067,0.0707,0.148,0.3158558104360978,0.0,1628900.0,2026-05-15T13:56:29.052797
0a780951-e566-4cb2-bd12-4c2e73069838,fd58d414-6cbb-40dc-a3a9-ba062bfc15bc,2025-07-01,5035600.0,3007700.0,2027900.0,32.0,97000.0,0.411,0.1115,0.0846,0.205,0.0816,0.1063,0.40271268567797286,-520500.0,1828400.0,2026-05-15T13:56:29.052797
3d0f0656-00bb-462d-936f-08125de879b5,fd58d414-6cbb-40dc-a3a9-ba062bfc15bc,2025-08-01,5144600.0,4063300.0,1081300.0,45.0,92300.0,0.3593,0.1731,0.1092,0.2227,0.0647,0.071,0.21018154958597365,1055600.0,1579400.0,2026-05-15T13:56:29.052797
65cb358d-372e-4214-8ed9-65421f366af0,fd58d414-6cbb-40dc-a3a9-ba062bfc15bc,2025-09-01,5255200.0,4441800.0,813400.0,28.0,164500.0,0.2685,0.1923,0.0877,0.2504,0.0628,0.1383,0.15478002740143096,378500.0,1307500.0,2026-05-15T13:56:29.052797
52a2e729-8783-4af2-b894-d6c8f469c7a4,fd58d414-6cbb-40dc-a3a9-ba062bfc15bc,2025-10-01,5224900.0,4813400.0,411500.0,29.0,171900.0,0.5754,0.1413,0.0323,0.1711,0.0455,0.0343,0.07875748818159199,371600.0,768700.0,2026-05-15T13:56:29.052797
ab84560b-ccd8-47a5-9c85-90bef0b5523f,fd58d414-6cbb-40dc-a3a9-ba062bfc15bc,2025-11-01,5174100.0,4839400.0,334700.0,31.0,161300.0,0.3693,0.1095,0.075,0.2959,0.0625,0.0877,0.06468757851607043,26000.0,519900.0,2026-05-15T13:56:29.052797
014fe3cd-46be-457b-9778-28ea650091a2,fd58d414-6cbb-40dc-a3a9-ba062bfc15bc,2025-12-01,5688000.0,5006100.0,681900.0,33.0,161500.0,0.3781,0.2061,0.1185,0.0848,0.023,0.1895,0.11988396624472573,166700.0,476000.0,2026-05-15T13:56:29.052797
29d46613-b301-4c5e-951e-a66cbc95a583,fd58d414-6cbb-40dc-a3a9-ba062bfc15bc,2026-01-01,5196200.0,4364500.0,831700.0,34.0,132300.0,0.4152,0.2119,0.0604,0.1233,0.0535,0.1356,0.1600592740849082,-641600.0,616100.0,2026-05-15T13:56:29.052797
9da7ffec-db74-4fad-92d6-d0419c37924d,fd58d414-6cbb-40dc-a3a9-ba062bfc15bc,2026-02-01,4964500.0,4567400.0,397100.0,33.0,142700.0,0.4001,0.128,0.0924,0.1752,0.1084,0.096,0.07998791419075435,202900.0,636900.0,2026-05-15T13:56:29.052797
159cda54-1a51-4594-af59-a01a2a688cbe,fd58d414-6cbb-40dc-a3a9-ba062bfc15bc,2026-03-01,5224900.0,4455000.0,769900.0,33.0,139200.0,0.3978,0.3428,0.0769,0.0996,0.01,0.0729,0.14735210243258245,-112400.0,666200.0,2026-05-15T13:56:29.052797
59325113-8aa1-4272-8aee-79199b054e5d,fd58d414-6cbb-40dc-a3a9-ba062bfc15bc,2026-04-01,6455400.0,4226300.0,2229100.0,41.0,108400.0,0.4032,0.181,0.1408,0.0968,0.0627,0.1155,0.3453078043188648,-228700.0,1132000.0,2026-05-15T13:56:29.052797
e0e8d6a5-dc55-4380-b20a-cf583a2cf7df,fd58d414-6cbb-40dc-a3a9-ba062bfc15bc,2026-05-01,5195800.0,4139900.0,1055900.0,43.0,98600.0,0.4418,0.1938,0.01,0.2108,0.0202,0.1234,0.20322183301897687,-86400.0,1351600.0,2026-05-15T13:56:29.052797
7745db58-36be-4ef3-9885-cd0cbb502b24,fe3afcce-e531-4717-95b5-0e0a40a080fe,2025-06-01,5589200.0,4703500.0,885700.0,34.0,142500.0,0.4586,0.1091,0.0181,0.2119,0.0699,0.1323,0.15846632791812781,0.0,885700.0,2026-05-15T13:56:29.052797
048018ed-bcb0-4034-8962-186daeb568dd,fe3afcce-e531-4717-95b5-0e0a40a080fe,2025-07-01,5239500.0,2832100.0,2407400.0,37.0,78700.0,0.3932,0.2526,0.0292,0.2154,0.0516,0.058,0.4594713235995801,-1871400.0,1646600.0,2026-05-15T13:56:29.052797
deda1672-644a-4648-a992-11e9889f1428,fe3afcce-e531-4717-95b5-0e0a40a080fe,2025-08-01,5482000.0,3869000.0,1613000.0,33.0,120900.0,0.3477,0.1597,0.1412,0.1974,0.0701,0.0839,0.29423568040861,1036900.0,1635400.0,2026-05-15T13:56:29.052797
1cacf4ea-0f10-45c3-9d12-1415940cc9dc,fe3afcce-e531-4717-95b5-0e0a40a080fe,2025-09-01,5452500.0,4279200.0,1173300.0,32.0,138000.0,0.4638,0.1535,0.083,0.0645,0.0613,0.174,0.2151856946354883,410200.0,1731200.0,2026-05-15T13:56:29.052797
2e166b83-c12b-4ae5-b668-891499fc3f5e,fe3afcce-e531-4717-95b5-0e0a40a080fe,2025-10-01,5455800.0,3833900.0,1621900.0,35.0,112800.0,0.4473,0.1913,0.1093,0.0127,0.0949,0.1444,0.2972799589427765,-445300.0,1469400.0,2026-05-15T13:56:29.052797
56018a0e-6a99-4f41-bb0f-a1a86671e527,fe3afcce-e531-4717-95b5-0e0a40a080fe,2025-11-01,5311400.0,3840100.0,1471300.0,34.0,116400.0,0.3523,0.1441,0.0896,0.2295,0.01,0.1746,0.27700794517453026,6200.0,1422200.0,2026-05-15T13:56:29.052797
42c51cc6-bb97-4810-929f-20b9e3f57f54,fe3afcce-e531-4717-95b5-0e0a40a080fe,2025-12-01,5616700.0,3862100.0,1754600.0,31.0,128700.0,0.3792,0.1527,0.0649,0.2821,0.0752,0.0459,0.3123898374490359,22000.0,1615900.0,2026-05-15T13:56:29.052797
aace0362-4aa7-4b7b-aaea-7c54eee5048f,fe3afcce-e531-4717-95b5-0e0a40a080fe,2026-01-01,5224700.0,3162500.0,2062200.0,32.0,102000.0,0.4905,0.1648,0.01,0.1987,0.0927,0.0433,0.39470208815817176,-699600.0,1762700.0,2026-05-15T13:56:29.052797
264bd47c-efe0-4c64-a96f-6bb425c7e743,fe3afcce-e531-4717-95b5-0e0a40a080fe,2026-02-01,5629100.0,4023600.0,1605500.0,30.0,138700.0,0.302,0.15,0.0879,0.2329,0.0663,0.1609,0.28521433266419144,861100.0,1807400.0,2026-05-15T13:56:29.052797
a6257b0a-783b-4743-adff-22dc4aaa8c0b,fe3afcce-e531-4717-95b5-0e0a40a080fe,2026-03-01,5248900.0,3819000.0,1429900.0,34.0,115700.0,0.4766,0.0447,0.0954,0.2058,0.038,0.1395,0.27241898302501477,-204600.0,1699200.0,2026-05-15T13:56:29.052797
465d8b2b-6812-4e8d-b57d-a4e18f83af88,fe3afcce-e531-4717-95b5-0e0a40a080fe,2026-04-01,5365300.0,3529300.0,1836000.0,39.0,92900.0,0.5733,0.1325,0.0502,0.1377,0.0131,0.0932,0.3421989450729689,-289700.0,1623800.0,2026-05-15T13:56:29.052797
14733a35-68c4-4702-8cf6-314715c53b48,fe3afcce-e531-4717-95b5-0e0a40a080fe,2026-05-01,5264200.0,3367700.0,1896500.0,27.0,129500.0,0.4475,0.1453,0.01,0.2273,0.0475,0.1224,0.36026366779377683,-161600.0,1720800.0,2026-05-15T13:56:29.052797
